linha_na_planilha_original,estudo_id,chave,nome_no_estudo,descricao,marcado_como_php_na_extracao,grupo_de_sinonimos,categoria,no_catalogo,n_no_catalogo,nome_no_catalogo,especificidade,decisao,observacoes
1,S14,catolino_2020,Class Data Should Be Private,Indica que os dados de uma classe não estão encapsulados corretamente,Não,Class Data Should Be Private,Responsabilidades e projeto,Não,,,,fora do catálogo: estudo não é de PHP,
2,S14,catolino_2020,Long Parameter List,"Refere-se a métodos que recebem muitos parâmetros, dificultando a compreensão e manutenção.",Não,Excessive Parameter List,Tamanho,Não,,,,fora do catálogo: estudo não é de PHP,
3,S14,catolino_2020,Lazy Class,Classes que não têm utilidade suficiente para justificar sua existência.,Não,Lazy Class,Código não utilizado,Não,,,,fora do catálogo: estudo não é de PHP,
4,S15,bessghaier_longitudinal_2021,Excessive Number Of Children (ENOC),Muitos filhos de uma classe dificultam a manutenção da hierarquia.,Sim,Number of Children,Herança e acoplamento,Sim,23,Number of Children,G,ok (24/09/2026),
5,S15,bessghaier_longitudinal_2021,Excessive Depth Of Inheritance (EDOI),Uma árvore de herança profunda aumenta o acoplamento e dificulta a manutenção.,Sim,Depth of Inheritance,Herança e acoplamento,Sim,22,Depth of Inheritance,G,ok (24/09/2026),
6,S15,bessghaier_longitudinal_2021,High Coupling (HC),Muitas dependências tornam a classe mais difícil de manter.,Sim,Coupling Between Objects,Herança e acoplamento,Sim,21,Coupling Between Objects,G,ok (24/09/2026),
7,S15,bessghaier_longitudinal_2021,Empty Catch Block (ECB),Blocos catch vazios dificultam o tratamento de erros.,Sim,Empty Catch Block,Exceções,Sim,29,Empty Catch Block,G,ok (24/09/2026),
8,S15,bessghaier_longitudinal_2021,Goto Statement (GTS),O uso de goto torna a lógica do programa difícil de entender.,Sim,Goto Statement,PHP/web,Sim,2,Goto Statement,G,ok (24/09/2026),
9,S15,bessghaier_longitudinal_2021,High Method Complexity (HMC),A complexidade ciclomática alta torna o código difícil de testar e manter.,Sim,Cyclomatic Complexity,Complexidade,Sim,18,Cyclomatic Complexity,G,ok (24/09/2026),
10,S15,bessghaier_longitudinal_2021,High NPath Complexity (HNPC),"Complexidade alta em estruturas de controle (e.g., if/else), diminuindo a clareza e aumentando a dificuldade de testes.",Sim,NPath Complexity,Complexidade,Sim,19,NPath Complexity,G,ok (24/09/2026),
11,S15,bessghaier_longitudinal_2021,Excessive Method Length (EML),Métodos muito longos dificultam o entendimento e a manutenção.,Sim,Excessive Method Length,Tamanho,Sim,12,Excessive Method Length,G,ok (24/09/2026),
12,S15,bessghaier_longitudinal_2021,Excessive Class Length (ECL),Classes grandes são difíceis de gerenciar e manter.,Sim,Excessive Class Length,Tamanho,Sim,11,Excessive Class Length,G,ok (24/09/2026),
13,S15,bessghaier_longitudinal_2021,Excessive Parameter List (EPL),Muitos parâmetros em métodos indicam que o método pode estar realizando muitas funções.,Sim,Excessive Parameter List,Tamanho,Sim,13,Excessive Parameter List,G,ok (24/09/2026),
14,S15,bessghaier_longitudinal_2021,Too Many Public Methods (TMPM),Muitas funções públicas aumentam o risco de acoplamento com classes externas.,Sim,Too Many Public Methods,Tamanho,Sim,15,Too Many Public Methods,G,ok (24/09/2026),
15,S15,bessghaier_longitudinal_2021,Too Many Methods (TMM),Um grande número de métodos em uma classe pode indicar baixa coesão.,Sim,Too Many Methods,Tamanho,Sim,14,Too Many Methods,G,ok (24/09/2026),
16,S16,tarwani_ao_2021,Long Method,Métodos muito longos que dificultam a leitura e manutenção do código.,Não,Excessive Method Length,Tamanho,Não,,,,fora do catálogo: estudo não é de PHP,
17,S16,tarwani_ao_2021,Feature Envy,Quando um método em uma classe utiliza mais de outra classe do que da sua própria.,Não,Feature Envy,Herança e acoplamento,Não,,,,fora do catálogo: estudo não é de PHP,
18,S16,tarwani_ao_2021,Large Class,"Classes com muitas responsabilidades, o que pode tornar o código mais difícil de manter.",Não,God Class / Blob,Responsabilidades e projeto,Não,,,,fora do catálogo: estudo não é de PHP,
19,S16,tarwani_ao_2021,Divergent Change,"Quando uma única classe é alterada frequentemente por motivos diferentes, violando o princípio de responsabilidade única.",Não,Divergent Change,Herança e acoplamento,Não,,,,fora do catálogo: estudo não é de PHP,
20,S19,tarwani_deep_2022,God Class,"Uma God Class é uma classe que assume muitas responsabilidades, violando o princípio da responsabilidade única. Ela tende a centralizar a lógica do sistema, tornando o código difícil de manter e entender, além de aumentar o acoplamento com outras classes.",Não,God Class / Blob,Responsabilidades e projeto,Não,,,,fora do catálogo: estudo não é de PHP,
21,S19,tarwani_deep_2022,Long Method,"Um método que tem um número excessivo de linhas de código, o que pode indicar que ele está realizando muitas tarefas diferentes. Métodos longos são mais difíceis de entender, testar e manter. A solução normalmente envolve quebrá-lo em métodos menores.",Não,Excessive Method Length,Tamanho,Não,,,,fora do catálogo: estudo não é de PHP,
22,S19,tarwani_deep_2022,Feature Envy,"Ocorre quando um método em uma classe está mais interessado em dados ou métodos de outra classe do que em sua própria classe. Esse smell indica que o método pode estar no lugar errado e deveria ser movido para a classe da qual ele é ""invejoso"".",Não,Feature Envy,Herança e acoplamento,Não,,,,fora do catálogo: estudo não é de PHP,
23,S19,tarwani_deep_2022,Type Checking,"Este smell aparece quando o código faz muitas verificações de tipos para alterar seu comportamento de acordo com o tipo de objeto que está sendo tratado. Isso pode indicar que o código não está usando bem o polimorfismo, resultando em código menos flexível e mais difícil de manter.",Não,Switch Statement / Type Checking,Complexidade,Não,,,,fora do catálogo: estudo não é de PHP,
24,S19,tarwani_deep_2022,Empty Catch Block,"Refere-se a um bloco de captura (catch) de exceções que não faz nada quando uma exceção é lançada. Isso pode mascarar problemas no código, pois falhas não são tratadas nem informadas, dificultando a depuração e a confiabilidade do sistema.",Não,Empty Catch Block,Exceções,Não,,,,fora do catálogo: estudo não é de PHP,
25,S19,tarwani_deep_2022,Dummy Handler,"É um manipulador de exceções (catch block) que contém um código mínimo ou irrelevante, como um simples comentário ou um log trivial, sem tratar adequadamente a exceção. Isso pode resultar em problemas não resolvidos no sistema.",Não,Dummy Handler,Exceções,Não,,,,fora do catálogo: estudo não é de PHP,
26,S19,tarwani_deep_2022,Unprotected Main,Refere-se a um método main que não possui controle de exceções adequado. Um main desprotegido pode permitir que exceções não tratadas causem o encerramento abrupto do programa.,Não,Unprotected Main,Exceções,Não,,,,fora do catálogo: estudo não é de PHP,
27,S19,tarwani_deep_2022,Nested Try Statement,"Ocorre quando blocos try-catch são aninhados de forma excessiva dentro de outros blocos try-catch. Isso torna o código mais difícil de ler, manter e depurar, além de aumentar a complexidade desnecessariamente.",Não,Nested Try Statement,Exceções,Não,,,,fora do catálogo: estudo não é de PHP,
28,S19,tarwani_deep_2022,Careless Cleanup,"Refere-se à ausência ou à má implementação de processos de limpeza, como fechar arquivos ou liberar recursos após seu uso, o que pode causar vazamentos de memória ou outros problemas de desempenho.",Não,Careless Cleanup,Exceções,Não,,,,fora do catálogo: estudo não é de PHP,
29,S19,tarwani_deep_2022,Exception Thrown in Finally Block,"Ocorre quando uma exceção é lançada dentro de um bloco finally, que normalmente é usado para garantir que os recursos sejam limpos. Isso pode obscurecer exceções lançadas no bloco try, dificultando a detecção da causa original do problema e possivelmente gerando comportamento inesperado no código.",Não,Exception Thrown in Finally Block,Exceções,Não,,,,fora do catálogo: estudo não é de PHP,
30,S19,tarwani_deep_2022,Over Logging,"Geração excessiva de logs pode impactar negativamente a performance do sistema, aumentar a complexidade para a análise de problemas e dificultar a manutenção.",Não,Over Logging,Documentação,Não,,,,fora do catálogo: estudo não é de PHP,
31,S10,souza_2017,Large Class (Classe Grande),"Refere-se a classes que possuem muitas responsabilidades, métodos e atributos, tornando-as difíceis de gerenciar e manter. Isso vai contra o princípio de uma classe ter uma única responsabilidade. Uma ""Large Class"" concentra muitas funcionalidades, o que pode tornar o código mais complexo e difícil de entender.",Não,God Class / Blob,Responsabilidades e projeto,Não,,,,fora do catálogo: estudo não é de PHP,
32,S10,souza_2017,Long Method (Método Longo),"Refere-se a métodos que se tornam excessivamente longos e complexos à medida que novas funcionalidades são adicionadas. Um ""Long Method"" tende a ser difícil de entender, testar e manter, além de violar o princípio de que cada método deve realizar apenas uma tarefa.",Não,Excessive Method Length,Tamanho,Não,,,,fora do catálogo: estudo não é de PHP,
33,S10,souza_2017,Data Class (Classe de Dados),"Uma ""Data Class"" contém principalmente atributos e métodos básicos para acessar esses atributos (getters e setters), sem implementar lógica complexa. Essas classes agem como recipientes de dados e não têm comportamentos significativos associados a elas, o que as torna vulneráveis a se tornarem meros agregadores de informações.",Não,Data Class,Responsabilidades e projeto,Não,,,,fora do catálogo: estudo não é de PHP,
34,S10,souza_2017,Feature Envy (Inveja de Funcionalidade),"Esse ""bad smell"" ocorre quando uma classe acessa os dados de outra classe com mais frequência do que os seus próprios dados, sugerindo que parte de sua funcionalidade poderia estar na outra classe. A classe ""invejosa"" está mais interessada em atributos e métodos de outra classe, o que indica uma má separação de responsabilidades.",Não,Feature Envy,Herança e acoplamento,Não,,,,fora do catálogo: estudo não é de PHP,
35,S10,souza_2017,Refused Bequest (Herança Recusada),"Esse problema surge quando uma subclasse herda métodos ou atributos de uma superclasse, mas não os utiliza de maneira significativa. A subclasse “recusa” a herança ao ignorar ou sobrecarregar métodos e atributos herdados, o que pode ser um sinal de que a relação de herança foi mal projetada.",Não,Refused Bequest,Herança e acoplamento,Não,,,,fora do catálogo: estudo não é de PHP,
36,S06,wagey_2015,Código duplicado (Duplicate code),"Ocorre quando há trechos de código idênticos ou muito similares em diferentes partes do software. Isso dificulta a manutenção, pois qualquer mudança precisa ser replicada em várias áreas, aumentando a chance de erros.",Não,Duplicate Code,Duplicação,Não,,,,fora do catálogo: estudo não é de PHP,
37,S06,wagey_2015,Lista de parâmetros longa (Long parameter list),"Quando um método ou função recebe muitos parâmetros, o código pode se tornar confuso e difícil de entender. Além disso, torna a manutenção mais complexa, já que muitas dependências são passadas de uma função para outra.",Não,Excessive Parameter List,Tamanho,Não,,,,fora do catálogo: estudo não é de PHP,
38,S06,wagey_2015,Método longo (Long method),"Um método que realiza muitas tarefas ou tem um grande número de linhas de código. Isso torna o método mais difícil de entender, testar e manter, além de sugerir que ele poderia ser dividido em métodos menores e mais especializados.",Não,Excessive Method Length,Tamanho,Não,,,,fora do catálogo: estudo não é de PHP,
39,S06,wagey_2015,Classe preguiçosa (Lazy class),Uma classe que faz muito pouco ou que não é mais usada de maneira significativa no código. Essas classes consomem recursos sem oferecer benefícios claros e podem ser removidas ou refatoradas para simplificar o design.,Não,Lazy Class,Código não utilizado,Não,,,,fora do catálogo: estudo não é de PHP,
40,S06,wagey_2015,Classe grande (Large class),"Quando uma classe tem muitas responsabilidades, incluindo muitos métodos ou atributos. Isso viola o princípio de ""responsabilidade única"" e torna o código difícil de manter e entender, já que a classe está tentando fazer muitas coisas ao mesmo tempo.",Não,God Class / Blob,Responsabilidades e projeto,Não,,,,fora do catálogo: estudo não é de PHP,
41,S17,zhao_2021,Excessive Block Diagram Size,Diagrama de blocos com tamanho excessivo.,Não,Excessive Block Diagram Size,Modelos LabVIEW,Não,,,,fora do catálogo: estudo não é de PHP,
42,S17,zhao_2021,Wire Clutter,Excesso de fios nos diagramas.,Não,Wire Clutter,Modelos LabVIEW,Não,,,,fora do catálogo: estudo não é de PHP,
43,S17,zhao_2021,Inconsistent Use of SubVIs,Uso inconsistente de SubVIs.,Não,Inconsistent Use of SubVIs,Modelos LabVIEW,Não,,,,fora do catálogo: estudo não é de PHP,
44,S17,zhao_2021,Deeply Nested Structures,Estruturas aninhadas profundamente.,Não,Aninhamento excessivo,Complexidade,Não,,,,fora do catálogo: estudo não é de PHP,
45,S17,zhao_2021,Magic Numbers,Uso de números literais sem explicação.,Não,Magic Numbers,Responsabilidades e projeto,Não,,,,fora do catálogo: estudo não é de PHP,
46,S17,zhao_2021,Unnecessary Local Variables,Uso de variáveis locais desnecessárias.,Não,Unnecessary Local Variables,Código não utilizado,Não,,,,fora do catálogo: estudo não é de PHP,
47,S17,zhao_2021,Repetitive Code,Código repetido que poderia ser abstraído,Não,Duplicate Code,Duplicação,Não,,,,fora do catálogo: estudo não é de PHP,
48,S08,palomba_textual_2016,Long Method,"Ocorre quando um método implementa várias funcionalidades em vez de apenas uma responsabilidade, violando o princípio da responsabilidade única. Métodos longos são difíceis de entender e manter. A refatoração associada é o Extract Method, que separa as responsabilidades em métodos menores.",Não,Excessive Method Length,Tamanho,Não,,,,fora do catálogo: estudo não é de PHP,
49,S08,palomba_textual_2016,Feature Envy,"Refere-se a um método que ""inveja"" outra classe, ou seja, utiliza mais atributos e métodos de outra classe do que da própria classe onde está localizado. A solução é movê-lo para a classe onde ele deveria estar, usando a refatoração Move Method.",Não,Feature Envy,Herança e acoplamento,Não,,,,fora do catálogo: estudo não é de PHP,
50,S08,palomba_textual_2016,Blob,"Também conhecido como God Class, é uma classe gigantesca que centraliza o comportamento de uma parte significativa do sistema, contendo muitas responsabilidades. Esse smell reduz a coesão e dificulta a manutenção. A refatoração comum é o Extract Class, que divide a classe em várias outras classes menores.",Não,God Class / Blob,Responsabilidades e projeto,Não,,,,fora do catálogo: estudo não é de PHP,
51,S08,palomba_textual_2016,Promiscuous Package,"Surge quando um pacote contém classes que implementam muitas funcionalidades diferentes, tornando-o difícil de entender e manter. A solução típica é Extract Package, que redistribui as classes em pacotes menores e mais coesos.",Não,Promiscuous Package,Responsabilidades e projeto,Não,,,,fora do catálogo: estudo não é de PHP,
52,S08,palomba_textual_2016,Misplaced Class,"Indica uma classe que está localizada em um pacote que não está relacionado às funcionalidades que ela implementa. A classe deveria ser movida para outro pacote mais adequado, através da refatoração Move Class.",Não,Misplaced Class,Responsabilidades e projeto,Não,,,,fora do catálogo: estudo não é de PHP,
53,S08,palomba_textual_2016,Swiss Army Knife,"Refere-se a uma classe ou módulo que contém muitas funcionalidades diferentes, semelhantes a um ""canivete suíço"", dificultando a coesão e a reutilização.",Não,Swiss Army Knife,Responsabilidades e projeto,Não,,,,fora do catálogo: estudo não é de PHP,
54,S08,palomba_textual_2016,Functional Decomposition,"Este smell ocorre quando o código é estruturado de maneira excessivamente procedimental, em vez de orientado a objetos, levando a baixa coesão e reutilização de código.",Não,Functional Decomposition,Responsabilidades e projeto,Não,,,,fora do catálogo: estudo não é de PHP,
55,S08,palomba_textual_2016,Spaghetti Code,"Código que é difícil de entender e seguir devido à falta de estrutura adequada, geralmente resultante de um código com muitos loops aninhados ou lógica condicional espalhada.",Não,Spaghetti Code,Complexidade,Não,,,,fora do catálogo: estudo não é de PHP,
56,S08,palomba_textual_2016,State Checking,"Um smell onde um método executa muitas verificações de estado (geralmente em objetos) antes de executar sua lógica principal, o que pode indicar falta de coesão e problemas de design.",Não,Switch Statement / Type Checking,Complexidade,Não,,,,fora do catálogo: estudo não é de PHP,
57,S08,palomba_textual_2016,Divergent Change,"Ocorre quando uma única classe é modificada por diferentes motivos, o que indica que ela pode estar assumindo mais responsabilidades do que deveria. A refatoração apropriada é dividir essa classe em classes menores.",Não,Divergent Change,Herança e acoplamento,Não,,,,fora do catálogo: estudo não é de PHP,
58,S08,palomba_textual_2016,Parallel Inheritance,"Quando uma hierarquia de herança reflete mudanças em várias classes ao mesmo tempo, tornando difícil manter a consistência entre elas.",Não,Parallel Inheritance,Herança e acoplamento,Não,,,,fora do catálogo: estudo não é de PHP,
59,S08,palomba_textual_2016,Shotgun Surgery,"Um smell que ocorre quando uma única mudança precisa ser aplicada a várias classes ao mesmo tempo, indicando uma má separação de responsabilidades.",Não,Shotgun Surgery,Herança e acoplamento,Não,,,,fora do catálogo: estudo não é de PHP,
60,S22,zivotin_2023,Shotgun Surgery,"Refere-se a um cheiro de código onde uma única mudança em uma parte do software requer várias pequenas mudanças em diferentes lugares. Isso é problemático, pois aumenta o esforço de manutenção e o risco de erros",Não,Shotgun Surgery,Herança e acoplamento,Não,,,,fora do catálogo: estudo não é de PHP,
61,S22,zivotin_2023,Duplicated Code,"Fragmentos de código duplicados em diferentes partes do sistema. Quando ocorre uma alteração em um desses fragmentos, todas as cópias precisam ser atualizadas, o que pode levar a erros e dificuldades de manutenção",Não,Duplicate Code,Duplicação,Não,,,,fora do catálogo: estudo não é de PHP,
62,S22,zivotin_2023,Magic Numbers,"Números codificados diretamente no código sem uma explicação clara, espalhados por diferentes partes do software. Alterações nesses números podem levar a problemas de manutenção, pois é difícil garantir que todas as instâncias sejam atualizadas corretamente",Não,Magic Numbers,Responsabilidades e projeto,Não,,,,fora do catálogo: estudo não é de PHP,
63,S22,zivotin_2023,Feature Envy,"Um ""bad smell"" onde um método em uma classe parece mais interessado em dados de outra classe, sugerindo que talvez o comportamento deveria estar nessa outra classe .",Não,Feature Envy,Herança e acoplamento,Não,,,,fora do catálogo: estudo não é de PHP,
64,S23,rio_causal_2024,Cyclomatic Complexity,Excesso de pontos de decisão em um método (acima de 10).,Sim,Cyclomatic Complexity,Complexidade,Sim,18,Cyclomatic Complexity,G,ok (24/09/2026),
65,S23,rio_causal_2024,NPath Complexity,Caminhos de execução acíclicos excedentes em um método (acima de 200).,Sim,NPath Complexity,Complexidade,Sim,19,NPath Complexity,G,ok (24/09/2026),
66,S23,rio_causal_2024,Method Length,Método muito longo (mais de 100 linhas).,Sim,Excessive Method Length,Tamanho,Sim,12,Excessive Method Length,G,ok (24/09/2026),
67,S23,rio_causal_2024,Class Length,Classe muito longa (mais de 1000 linhas).,Sim,Excessive Class Length,Tamanho,Sim,11,Excessive Class Length,G,ok (24/09/2026),
68,S23,rio_causal_2024,Parameter List,Lista de parâmetros muito extensa em um método (mais de 10 parâmetros).,Sim,Excessive Parameter List,Tamanho,Sim,13,Excessive Parameter List,G,ok (24/09/2026),
69,S23,rio_causal_2024,Public Count,Muitos métodos/atributos públicos (mais de 45).,Sim,Excessive Public Count,Tamanho,Sim,17,Excessive Public Count,G,ok (24/09/2026),
70,S23,rio_causal_2024,Too Many Fields,Classe com muitos campos (mais de 15).,Sim,Too Many Fields,Tamanho,Sim,16,Too Many Fields,G,ok (24/09/2026),
71,S23,rio_causal_2024,Too Many Methods,Classe com muitos métodos (mais de 25).,Sim,Too Many Methods,Tamanho,Sim,14,Too Many Methods,G,ok (24/09/2026),
72,S23,rio_causal_2024,Public Methods,Classe com muitos métodos públicos (mais de 10).,Sim,Too Many Public Methods,Tamanho,Sim,15,Too Many Public Methods,G,ok (24/09/2026),
73,S23,rio_causal_2024,Class Complexity,Soma excessiva das complexidades dos métodos da classe (acima de 50).,Sim,Excessive Class Complexity,Complexidade,Sim,20,Excessive Class Complexity,G,ok (24/09/2026),
74,S23,rio_causal_2024,Number of Children,Classe com número excessivo de filhos (acima de 15).,Sim,Number of Children,Herança e acoplamento,Sim,23,Number of Children,G,ok (24/09/2026),
75,S23,rio_causal_2024,Depth of Inheritance,Classe com muitos níveis de herança (acima de 6).,Sim,Depth of Inheritance,Herança e acoplamento,Sim,22,Depth of Inheritance,G,ok (24/09/2026),
76,S23,rio_causal_2024,Coupling Between Objects,Classe com muitas dependências (mais de 13).,Sim,Coupling Between Objects,Herança e acoplamento,Sim,21,Coupling Between Objects,G,ok (24/09/2026),
77,S23,rio_causal_2024,Development Code Fragment,"Fragmentos de código de desenvolvimento como var_dump(), print_r().",Sim,Development Code Fragment,PHP/web,Sim,1,Development Code Fragment,P,ok (24/09/2026),
78,S23,rio_causal_2024,Unused Private Field,Campo privado não utilizado.,Sim,Unused Private Field,Código não utilizado,Sim,25,Unused Private Field,G,ok (24/09/2026),
79,S23,rio_causal_2024,Unused Local Variable,Variável local não utilizada.,Sim,Unused Local Variable,Código não utilizado,Sim,27,Unused Local Variable,G,ok (24/09/2026),
80,S23,rio_causal_2024,Unused Private Method,Método privado não utilizado.,Sim,Unused Private Method,Código não utilizado,Sim,26,Unused Private Method,G,ok (24/09/2026),
81,S23,rio_causal_2024,Unused Formal Parameter,Parâmetro formal não utilizado,Sim,Unused Formal Parameter,Código não utilizado,Sim,28,Unused Formal Parameter,G,ok (24/09/2026),
82,S23,rio_causal_2024,Embedded JS,JavaScript dentro de uma página HTML em uma tag <script>.,Não,Embedded/Inline JavaScript,PHP/web,Sim,5,Embedded/Inline JavaScript,W,ok (24/09/2026),"CS do lado do cliente (JS/CSS embutido no HTML gerado pelo PHP): a planilha o marca como não específico de PHP, mas ele entra no catálogo pela decisão de 24/09/2026 de incluir os CS embutidos."
83,S23,rio_causal_2024,Inline JS,JavaScript inserido diretamente nos elementos HTML.,Não,Embedded/Inline JavaScript,PHP/web,Sim,5,Embedded/Inline JavaScript,W,ok (24/09/2026),"CS do lado do cliente (JS/CSS embutido no HTML gerado pelo PHP): a planilha o marca como não específico de PHP, mas ele entra no catálogo pela decisão de 24/09/2026 de incluir os CS embutidos."
84,S23,rio_causal_2024,Embedded CSS,CSS dentro de uma página HTML em uma tag <style>.,Não,Embedded/Inline CSS,PHP/web,Sim,6,Embedded/Inline CSS,W,ok (24/09/2026),"CS do lado do cliente (JS/CSS embutido no HTML gerado pelo PHP): a planilha o marca como não específico de PHP, mas ele entra no catálogo pela decisão de 24/09/2026 de incluir os CS embutidos."
85,S23,rio_causal_2024,Inline CSS,CSS inserido diretamente nos elementos HTML.,Não,Embedded/Inline CSS,PHP/web,Sim,6,Embedded/Inline CSS,W,ok (24/09/2026),"CS do lado do cliente (JS/CSS embutido no HTML gerado pelo PHP): a planilha o marca como não específico de PHP, mas ele entra no catálogo pela decisão de 24/09/2026 de incluir os CS embutidos."
86,S23,rio_causal_2024,CSS in JS,Código CSS dentro de JavaScript.,Não,CSS in JavaScript,PHP/web,Sim,7,CSS in JavaScript,W,ok (24/09/2026),"CS do lado do cliente (JS/CSS embutido no HTML gerado pelo PHP): a planilha o marca como não específico de PHP, mas ele entra no catálogo pela decisão de 24/09/2026 de incluir os CS embutidos."
87,S23,rio_causal_2024,CSS in JS: jQuery,CSS inserido em jQuery,Não,CSS in JavaScript,PHP/web,Sim,7,CSS in JavaScript,W,ok (24/09/2026),"CS do lado do cliente (JS/CSS embutido no HTML gerado pelo PHP): a planilha o marca como não específico de PHP, mas ele entra no catálogo pela decisão de 24/09/2026 de incluir os CS embutidos."
88,S23,rio_causal_2024,Max-lines,Número de linhas por arquivo excedido (acima de 300).,Não,Max-lines (arquivo JavaScript longo),Tamanho,Não,,,,fora do catálogo: regra de JavaScript puro (ESLint),
89,S23,rio_causal_2024,Max-lines-per-function,Número de linhas em uma função excedido (acima de 20).,Não,Excessive Method Length,Tamanho,Não,,,,fora do catálogo: regra de JavaScript puro (ESLint),
90,S23,rio_causal_2024,Max-params,Número de parâmetros em uma função excedido (mais de 3).,Não,Excessive Parameter List,Tamanho,Não,,,,fora do catálogo: regra de JavaScript puro (ESLint),
91,S23,rio_causal_2024,Complexity,Complexidade ciclomática excedida (mais de 10).,Não,Cyclomatic Complexity,Complexidade,Não,,,,fora do catálogo: regra de JavaScript puro (ESLint),
92,S23,rio_causal_2024,Max-depth,Profundidade de aninhamento excedida (mais de 4 níveis).,Não,Aninhamento excessivo,Complexidade,Não,,,,fora do catálogo: regra de JavaScript puro (ESLint),
93,S23,rio_causal_2024,Max-nested-callbacks,Excesso de callbacks aninhados (acima de 3),Não,Callbacks aninhados em excesso,Complexidade,Não,,,,fora do catálogo: regra de JavaScript puro (ESLint),
94,S21,saranya_2023,Long Method,"Um método longo e complexo que dificulta a compreensão, modificação e teste do código. Pode aumentar o risco de introduzir erros, pois é difícil identificar a fonte dos problemas.",Não,Excessive Method Length,Tamanho,Não,,,,fora do catálogo: estudo não é de PHP,
95,S21,saranya_2023,Large Class,"Uma classe com muitas responsabilidades e métodos, o que dificulta o entendimento, a modificação e o teste do código. Classes grandes aumentam a chance de erros e tornam mais difícil identificar o problema.",Não,God Class / Blob,Responsabilidades e projeto,Não,,,,fora do catálogo: estudo não é de PHP,
96,S21,saranya_2023,Data Clumps,"Um agrupamento de variáveis frequentemente usadas juntas. Isso dificulta a manutenção e o entendimento do código, além de aumentar a complexidade e o risco de erros.",Não,Data Clumps,Responsabilidades e projeto,Não,,,,fora do catálogo: estudo não é de PHP,
97,S21,saranya_2023,God Object,"Um objeto que tem muitas responsabilidades e métodos, violando o princípio de encapsulamento, ao expor muito do estado e comportamento internos. Dificulta a manutenção e a testabilidade.",Não,God Class / Blob,Responsabilidades e projeto,Não,,,,fora do catálogo: estudo não é de PHP,
98,S21,saranya_2023,Divergent Change,"Ocorre quando uma classe sofre várias mudanças para diferentes motivos, violando o princípio de responsabilidade única, o que dificulta a manutenção.",Não,Divergent Change,Herança e acoplamento,Não,,,,fora do catálogo: estudo não é de PHP,
99,S21,saranya_2023,Message Chains,"Cadeia de chamadas de métodos em diferentes objetos, o que expõe demais a estrutura interna do código e dificulta sua compreensão e manutenção. Aumenta o risco de erros.",Não,Message Chains,Herança e acoplamento,Não,,,,fora do catálogo: estudo não é de PHP,
100,S21,saranya_2023,Shotgun Surgery,"Ocorre quando uma mudança em um ponto do código requer várias mudanças em diferentes classes ou métodos, o que dificulta a modificação e a testabilidade.",Não,Shotgun Surgery,Herança e acoplamento,Não,,,,fora do catálogo: estudo não é de PHP,
101,S21,saranya_2023,Duplicated Code,"Blocos de código idênticos ou semelhantes em diferentes partes do código-base. Torna mais difícil modificar e testar o código, pois uma alteração em um lugar pode não ser refletida em outras partes duplicadas.",Não,Duplicate Code,Duplicação,Não,,,,fora do catálogo: estudo não é de PHP,
102,S21,saranya_2023,Lazy Class,"Uma classe com pouco ou nenhum propósito, que aumenta a complexidade do código sem adicionar funcionalidade real, dificultando a manutenção.",Não,Lazy Class,Código não utilizado,Não,,,,fora do catálogo: estudo não é de PHP,
103,S21,saranya_2023,Feature Envy,"Um método que utiliza mais funcionalidades de outra classe do que da própria classe, violando o princípio de encapsulamento e aumentando a dependência entre classes.",Não,Feature Envy,Herança e acoplamento,Não,,,,fora do catálogo: estudo não é de PHP,
104,S21,saranya_2023,Inappropriate Intimacy,"Ocorre quando duas classes têm uma relação muito próxima, usando excessivamente métodos e dados uma da outra, o que compromete o encapsulamento e dificulta a manutenção.",Não,Inappropriate Intimacy,Herança e acoplamento,Não,,,,fora do catálogo: estudo não é de PHP,
105,S21,saranya_2023,Blob (Large Class),"Um code smell que ocorre quando uma classe ou método é muito grande e complexo, tornando o código difícil de entender, manter e testar.",Não,God Class / Blob,Responsabilidades e projeto,Não,,,,fora do catálogo: estudo não é de PHP,
106,S21,saranya_2023,Spaghetti Code,"Código desorganizado, sem estrutura clara, que torna o código difícil de seguir e manter. Frequentemente resultado de falta de abstração e planejamento.",Não,Spaghetti Code,Complexidade,Não,,,,fora do catálogo: estudo não é de PHP,
107,S21,saranya_2023,Functional Decomposition,"Uma abordagem onde o código é organizado de forma funcional, o que pode resultar em uma estrutura rígida e difícil de modificar.",Não,Functional Decomposition,Responsabilidades e projeto,Não,,,,fora do catálogo: estudo não é de PHP,
108,S21,saranya_2023,Dead Code,"Código que não é mais utilizado ou executado, dificultando a manutenção e reduzindo a performance. O ""dead code"" geralmente é o resultado de refatoração ou remoção de funcionalidades sem a limpeza do código.",Não,Dead Code / código desnecessário,Código não utilizado,Não,,,,fora do catálogo: estudo não é de PHP,
109,S21,saranya_2023,Temporary Fields,"Campos que são usados apenas temporariamente dentro de uma classe e depois descartados. Isso aumenta a complexidade e o risco de erros, além de dificultar a manutenção.",Não,Temporary Field,Responsabilidades e projeto,Não,,,,fora do catálogo: estudo não é de PHP,
110,S21,saranya_2023,Long Parameter List,"Quando um método ou função tem muitos parâmetros, tornando o código mais difícil de entender, modificar e testar.",Não,Excessive Parameter List,Tamanho,Não,,,,fora do catálogo: estudo não é de PHP,
111,S21,saranya_2023,Parallel Decomposition,"Quando a herança e os métodos são organizados de forma a criar dependências desnecessárias, resultando em um código mais difícil de manter.",Não,Parallel Decomposition,Responsabilidades e projeto,Não,,,,fora do catálogo: estudo não é de PHP,
112,excluído,raab_2012,Duplicated Code (Código Duplicado),"Um code smell que ocorre quando blocos de código são repetidos em diferentes partes do programa, tornando o código mais difícil de manter. No estudo, foi mencionado que a maioria dos estudantes não conseguiu reconhecer esse smell.",Não,Duplicate Code,Duplicação,Não,,,,"fora do catálogo: estudo excluído da seleção (CE5, pôster) em 24/09/2026",
113,excluído,raab_2012,Comments (Comentários),"Este code smell ocorre quando há comentários excessivos ou desnecessários no código, o que pode indicar que o código não é claro o suficiente por si só. Apenas alguns estudantes conseguiram identificar este smell no experimento mencionado no artigo.",Não,Comments (comentários em excesso),Documentação,Não,,,,"fora do catálogo: estudo excluído da seleção (CE5, pôster) em 24/09/2026",
114,excluído,raab_2012,Data Clumps (Agrupamentos de Dados),"Refere-se a grupos de variáveis que frequentemente aparecem juntas. Se variáveis costumam ser passadas juntas em várias funções ou classes, isso pode ser um sinal de que elas deveriam estar encapsuladas em uma classe ou estrutura.",Não,Data Clumps,Responsabilidades e projeto,Não,,,,"fora do catálogo: estudo excluído da seleção (CE5, pôster) em 24/09/2026",
115,excluído,raab_2012,Primitive Obsession (Obsessão por Tipos Primitivos),"Esse code smell surge quando tipos primitivos são usados excessivamente, em vez de objetos de alto nível. Isso pode resultar em código menos expressivo e mais difícil de manter.",Não,Primitive Obsession,Responsabilidades e projeto,Não,,,,"fora do catálogo: estudo excluído da seleção (CE5, pôster) em 24/09/2026",
116,S03,yamashita_counsell_2013,Data Class,"Classes que contêm apenas campos e métodos getters e setters, sem implementar funcionalidades específicas.",Não,Data Class,Responsabilidades e projeto,Não,,,,fora do catálogo: estudo não é de PHP,
117,S03,yamashita_counsell_2013,Data Clumps,"Conjuntos de dados que são frequentemente encontrados juntos, seja dentro de classes ou entre classes.",Não,Data Clumps,Responsabilidades e projeto,Não,,,,fora do catálogo: estudo não é de PHP,
118,S03,yamashita_counsell_2013,Duplicated Code in Conditional Branches,Código com estrutura idêntica ou semelhante repetida nos ramos de uma instrução condicional.,Não,Duplicated Code in Conditional Branches,Duplicação,Não,,,,fora do catálogo: estudo não é de PHP,
119,S03,yamashita_counsell_2013,Feature Envy,"Um método que parece mais interessado em outra classe do que na própria classe em que está, sugerindo que ele talvez devesse ser movido para a classe que possui os dados que ele utiliza.",Não,Feature Envy,Herança e acoplamento,Não,,,,fora do catálogo: estudo não é de PHP,
120,S03,yamashita_counsell_2013,God (Large) Class,"Uma classe que assume muitas responsabilidades em relação às outras classes, centralizando a funcionalidade em uma única classe, o que vai contra os princípios de decomposição de design.",Não,God Class / Blob,Responsabilidades e projeto,Não,,,,fora do catálogo: estudo não é de PHP,
121,S03,yamashita_counsell_2013,God (Long) Method,"Método muito longo que centraliza a funcionalidade de uma classe em um único método, dificultando a legibilidade e manutenção.",Não,Excessive Method Length,Tamanho,Não,,,,fora do catálogo: estudo não é de PHP,
122,S03,yamashita_counsell_2013,Misplaced Class,"Em ""pacotes principais"" (God Packages), uma classe que depende mais de classes de outros pacotes do que do seu próprio pacote.",Não,Misplaced Class,Responsabilidades e projeto,Não,,,,fora do catálogo: estudo não é de PHP,
123,S03,yamashita_counsell_2013,Refused Bequest,Subclasses que não querem ou não precisam de tudo que herdam da classe pai.,Não,Refused Bequest,Herança e acoplamento,Não,,,,fora do catálogo: estudo não é de PHP,
124,S03,yamashita_counsell_2013,Shotgun Surgery,Uma alteração em uma classe que resulta na necessidade de fazer várias pequenas alterações em várias outras classes.,Não,Shotgun Surgery,Herança e acoplamento,Não,,,,fora do catálogo: estudo não é de PHP,
125,S03,yamashita_counsell_2013,Temporary Variable Used for Several Purposes,"Variáveis temporárias usadas para diferentes propósitos, o que pode causar confusão e introduzir falhas.",Não,Temporary Variable Used for Several Purposes,Responsabilidades e projeto,Não,,,,fora do catálogo: estudo não é de PHP,
126,S03,yamashita_counsell_2013,Use Interface Instead of Implementation,"Evitar o uso de implementações concretas, preferindo o uso de interfaces para reduzir o acoplamento.",Não,Use Interface Instead of Implementation,Herança e acoplamento,Não,,,,fora do catálogo: estudo não é de PHP,
127,S03,yamashita_counsell_2013,Interface Segregation Principle Violation,"Uma classe que depende de outra deveria depender da menor interface possível, evitando forçar dependências desnecessárias em métodos que não utiliza, o que aumenta o acoplamento",Não,Interface Segregation Principle Violation,Herança e acoplamento,Não,,,,fora do catálogo: estudo não é de PHP,
128,S11,abidi_2019,Passing Excessive Objects,"Passar objetos inteiros entre linguagens em vez de apenas os parâmetros necessários pode reduzir a performance. Em sistemas multilinguagens, o custo de transferir objetos inteiros pode ser alto, especialmente se envolver várias chamadas para acessar cada campo de um objeto. Refatoração: Passar apenas os parâmetros necessários em vez do objeto completo.",Não,Passing Excessive Objects,Multilinguagem,Não,,,,fora do catálogo: estudo não é de PHP,
129,S11,abidi_2019,Unnecessary Parameters,"Inclui parâmetros desnecessários nas chamadas entre linguagens. Isso adiciona complexidade e dificulta a manutenção do código, especialmente quando os parâmetros não são utilizados no outro idioma. Refatoração: Remover os parâmetros que não são utilizados para simplificar a interface e melhorar a legibilidade.",Não,Unnecessary Parameters,Multilinguagem,Não,,,,fora do catálogo: estudo não é de PHP,
130,S11,abidi_2019,Unused Native Methods Declaration,Declaração de métodos nativos que não possuem implementação na outra linguagem. Isso pode ocorrer quando funcionalidades mudam ou são removidas. Refatoração: Manter apenas os métodos que são realmente usados nas interações entre as linguagens.,Não,Unused Native Methods Declaration,Multilinguagem,Não,,,,fora do catálogo: estudo não é de PHP,
131,S11,abidi_2019,Unused Native Method Implementation,"Implementação de métodos nativos que nunca são chamados a partir do código da linguagem hospedeira. Pode ocorrer em projetos grandes com múltiplas equipes, onde falta uma visão geral do sistema. Refatoração: Remover métodos que não são usados para reduzir a complexidade e melhorar a clareza.",Não,Unused Native Method Implementation,Multilinguagem,Não,,,,fora do catálogo: estudo não é de PHP,
132,S11,abidi_2019,Not Handling Exceptions Across Languages,"Falta de tratamento de exceções nas chamadas entre linguagens, o que pode causar falhas silenciosas ou difíceis de depurar. Refatoração: Verificar e tratar as exceções explicitamente após chamadas a métodos de outras linguagens para garantir a robustez do código.",Não,Not Handling Exceptions Across Languages,Multilinguagem,Não,,,,fora do catálogo: estudo não é de PHP,
133,S11,abidi_2019,Assuming Safe Multi-language Return Values,"Presumir que os valores de retorno de métodos em outras linguagens são sempre seguros e válidos. Isso pode causar erros se o valor retornado for nulo ou incorreto. Refatoração: Validar os valores de retorno antes de usá-los, especialmente em chamadas entre diferentes linguagens.",Não,Assuming Safe Multi-language Return Values,Multilinguagem,Não,,,,fora do catálogo: estudo não é de PHP,
134,S11,abidi_2019,Not Caching Objects' Elements,"Repetidamente buscar elementos de objetos (como IDs de métodos ou campos) em chamadas entre linguagens, o que pode impactar a performance devido ao custo dessas chamadas. Refatoração: Cachear os elementos que são frequentemente acessados para reduzir o tempo de execução.",Não,Not Caching Objects' Elements,Multilinguagem,Não,,,,fora do catálogo: estudo não é de PHP,
135,S11,abidi_2019,Not Securing Libraries,"Carregar bibliotecas nativas sem verificações de segurança adequadas, permitindo que código mal-intencionado acesse bibliotecas de forma não autorizada. Refatoração: Carregar bibliotecas em blocos de código seguros, usando permissões ou verificações de segurança.",Não,Not Securing Libraries,Multilinguagem,Não,,,,fora do catálogo: estudo não é de PHP,
136,S11,abidi_2019,Hard Coding Libraries,"Carregar bibliotecas de forma fixa para sistemas operacionais específicos, tornando o código menos portátil e mais difícil de manter. Refatoração: Usar uma abordagem que diferencie bibliotecas para diferentes sistemas operacionais de forma clara e adaptável.",Não,Hard Coding Libraries,Multilinguagem,Não,,,,fora do catálogo: estudo não é de PHP,
137,S11,abidi_2019,Not Using Relative Path to Load the Library,"Carregar bibliotecas sem especificar um caminho relativo, o que reduz a portabilidade e dificulta a reutilização do código. Refatoração: Utilizar caminhos relativos para garantir que as bibliotecas possam ser carregadas corretamente, independentemente da localização do sistema.",Não,Not Using Relative Path to Load the Library,Multilinguagem,Não,,,,fora do catálogo: estudo não é de PHP,
138,S11,abidi_2019,Memory Management Mismatch,"Falta de consideração ao gerenciar referências de memória entre linguagens com diferentes paradigmas de gerenciamento de memória, o que pode resultar em vazamentos de memória. Refatoração: Gerenciar explicitamente a alocação e liberação de memória em linguagens onde isso não é feito automaticamente.",Não,Memory Management Mismatch,Multilinguagem,Não,,,,fora do catálogo: estudo não é de PHP,
139,S11,abidi_2019,Local References Abuse,"Uso inadequado de referências locais, que podem não ser automaticamente liberadas, levando a vazamentos de memória. Refatoração: Liberar referências locais manualmente após o uso, especialmente ao usar JNI, para evitar o acúmulo desnecessário de objetos.",Não,Local References Abuse,Multilinguagem,Não,,,,fora do catálogo: estudo não é de PHP,
140,S01,nguyen_2012,JavaScript em HTML,"ocorre quando trechos de código JavaScript estão embutidos no HTML, misturando a lógica de controle (JS) com o conteúdo de apresentação (HTML). Esse tipo de código pode aparecer em:  JavaScript embutido: código JS diretamente dentro de uma tag <script>. JavaScript em links HTML: JS embutido em atributos href de links, como <a href='javascript:history.back()'>. JavaScript em eventos HTML: JS embutido em atributos de eventos, como onclick.",Não,Embedded/Inline JavaScript,PHP/web,Sim,5,Embedded/Inline JavaScript,W,ok (24/09/2026),Nguyen 2012 passou a contar como estudo de PHP (decisão de 24/09/2026).
141,S01,nguyen_2012,CSS em JavaScript,ocorre quando propriedades de estilo (CSS) são definidas diretamente no código JavaScript. O ideal seria separar o estilo (CSS) da lógica de controle (JS) em arquivos distintos.,Não,CSS in JavaScript,PHP/web,Sim,7,CSS in JavaScript,W,ok (24/09/2026),Nguyen 2012 passou a contar como estudo de PHP (decisão de 24/09/2026).
142,S01,nguyen_2012,CSS em HTML,"ocorre quando estilos são definidos diretamente dentro do HTML, em atributos style de tags HTML, em vez de serem separados em folhas de estilo (CSS). Isso mistura o conteúdo de apresentação (HTML) com o estilo (CSS).",Não,Embedded/Inline CSS,PHP/web,Sim,6,Embedded/Inline CSS,W,ok (24/09/2026),Nguyen 2012 passou a contar como estudo de PHP (decisão de 24/09/2026).
143,S01,nguyen_2012,Fontes dispersas,"ocorre quando porções de código relacionadas estão espalhadas por diferentes funções no código do servidor. Isso dificulta a manutenção, pois, por exemplo, uma tag HTML de abertura e fechamento pode ser gerada a partir de diferentes funções, dificultando a validação e modificação do código.",Não,Fontes dispersas,PHP/web,Sim,8,Fontes dispersas,W,ok (24/09/2026),Nguyen 2012 passou a contar como estudo de PHP (decisão de 24/09/2026).
144,S01,nguyen_2012,Duplicação de JavaScript,ocorre quando trechos duplicados de código JavaScript aparecem embutidos no código do servidor. Esse tipo de duplicação reduz a modularidade e dificulta a manutenção.,Não,JavaScript duplicado,PHP/web,Sim,9,JavaScript duplicado,W,ok (24/09/2026),Nguyen 2012 passou a contar como estudo de PHP (decisão de 24/09/2026).
145,S01,nguyen_2012,Erro de sintaxe em HTML,ocorre quando o HTML gerado não está em conformidade com as especificações da linguagem (ex.: falta de tags de fechamento). Esses erros tornam o código mais difícil de manter e corrigir.,Não,HTML com erro de sintaxe,PHP/web,Sim,10,HTML com erro de sintaxe,W,ok (24/09/2026),Nguyen 2012 passou a contar como estudo de PHP (decisão de 24/09/2026).
146,S12,mello_2019,God Class,"Refere-se a uma classe que centraliza muitas responsabilidades, o que indica falta de coesão. Esse tipo de smell pode tornar o código difícil de manter e aumentar o acoplamento entre classes.",Não,God Class / Blob,Responsabilidades e projeto,Não,,,,fora do catálogo: estudo não é de PHP,
147,S12,mello_2019,Switch Statement,"Corresponde ao uso excessivo de estruturas de decisão condicionais (switch ou if-else), indicando potencial falta de uso de polimorfismo. Pode dificultar a compreensão e a manutenção do código.",Não,Switch Statement / Type Checking,Complexidade,Não,,,,fora do catálogo: estudo não é de PHP,
148,S12,mello_2019,Long Method,"Um método que é extenso demais, geralmente contendo múltiplas responsabilidades. Esse tipo de smell compromete a legibilidade do código e dificulta a reutilização.",Não,Excessive Method Length,Tamanho,Não,,,,fora do catálogo: estudo não é de PHP,
149,S12,mello_2019,Feature Envy,"Ocorre quando um método em uma classe acessa excessivamente dados de outra classe. Isso indica que o método pode estar melhor alocado em outra classe, reduzindo o acoplamento.",Não,Feature Envy,Herança e acoplamento,Não,,,,fora do catálogo: estudo não é de PHP,
150,S12,mello_2019,Duplicated Code,"Refere-se a blocos de código copiados em vários lugares, o que aumenta o esforço de manutenção e a possibilidade de erros, pois quaisquer alterações precisam ser replicadas em todos os locais onde o código foi duplicado",Não,Duplicate Code,Duplicação,Não,,,,fora do catálogo: estudo não é de PHP,
151,S05,arcelli_fontana_2015,God Class,"Uma classe que executa muito trabalho sozinha, delegando apenas detalhes menores para outras classes triviais e utilizando dados de outras classes. Isso impacta negativamente a reutilização e a compreensão daquela parte do sistema.",Não,God Class / Blob,Responsabilidades e projeto,Não,,,,fora do catálogo: estudo não é de PHP,
152,S05,arcelli_fontana_2015,Brain Method,"Método que tende a centralizar a funcionalidade de uma classe, assim como uma God Class pode centralizar a funcionalidade de um subsistema ou de todo o sistema.",Não,Brain Method,Responsabilidades e projeto,Não,,,,fora do catálogo: estudo não é de PHP,
153,S05,arcelli_fontana_2015,Brain Class,"Classe que acumula uma quantidade excessiva de lógica e funcionalidade, geralmente em métodos afetados pelo Brain Method.",Não,Brain Class,Responsabilidades e projeto,Não,,,,fora do catálogo: estudo não é de PHP,
154,S05,arcelli_fontana_2015,Data Clumps,"Conjuntos de dados que estão frequentemente juntos e, idealmente, deveriam ser encapsulados em seu próprio objeto.",Não,Data Clumps,Responsabilidades e projeto,Não,,,,fora do catálogo: estudo não é de PHP,
155,S05,arcelli_fontana_2015,Feature Envy,"Quando um método faz muitas chamadas a outras classes para obter dados ou funcionalidade, demonstrando ""inveja"" dos dados de outra classe.",Não,Feature Envy,Herança e acoplamento,Não,,,,fora do catálogo: estudo não é de PHP,
156,S05,arcelli_fontana_2015,Intensive Coupling,"Ocorre quando um método está fortemente acoplado a muitas outras operações no sistema, que estão concentradas em uma ou poucas classes.",Não,Intensive Coupling,Herança e acoplamento,Não,,,,fora do catálogo: estudo não é de PHP,
157,S05,arcelli_fontana_2015,Long Method,"Um método que é longo em termos de linhas de código, o que pode dificultar a compreensão e manutenção do código. Métodos curtos facilitam a extensão e a manutenção do sistema.",Não,Excessive Method Length,Tamanho,Não,,,,fora do catálogo: estudo não é de PHP,
158,S05,arcelli_fontana_2015,Shotgun Surgery,"Situação em que, para fazer uma pequena alteração em uma funcionalidade, é necessário modificar vários locais diferentes no código.",Não,Shotgun Surgery,Herança e acoplamento,Não,,,,fora do catálogo: estudo não é de PHP,
159,S05,arcelli_fontana_2015,Type Checking,"Um código condicional complexo que seleciona uma variante de um algoritmo com base no valor de um atributo, o que geralmente pode ser simplificado com polimorfismo.",Não,Switch Statement / Type Checking,Complexidade,Não,,,,fora do catálogo: estudo não é de PHP,
160,S13,bessghaier_diffusion_2020,Excessive Number of Children (ENOC),"Uma classe com muitos descendentes indica uma hierarquia de classes desequilibrada, o que pode dificultar a manutenção do código.",Sim,Number of Children,Herança e acoplamento,Sim,23,Number of Children,G,ok (24/09/2026),
161,S13,bessghaier_diffusion_2020,Excessive Depth of Inheritance (EDOI),"Uma classe com uma árvore de herança profunda pode tornar o código difícil de manter, pois aumenta o acoplamento entre as classes.",Sim,Depth of Inheritance,Herança e acoplamento,Sim,22,Depth of Inheritance,G,ok (24/09/2026),
162,S13,bessghaier_diffusion_2020,High Coupling (HC),"Uma classe com muitas dependências dificulta a manutenção e a evolução do sistema, já que qualquer alteração pode ter um grande efeito cascata.",Sim,Coupling Between Objects,Herança e acoplamento,Sim,21,Coupling Between Objects,G,ok (24/09/2026),
163,S13,bessghaier_diffusion_2020,Empty Catch Block (ECB),"Um bloco catch vazio dificulta a identificação e resolução de falhas na execução, pois não há tratamento adequado para erros.",Sim,Empty Catch Block,Exceções,Sim,29,Empty Catch Block,G,ok (24/09/2026),
164,S13,bessghaier_diffusion_2020,Goto Statement (GTS),"O uso de instruções goto torna a lógica do código mais difícil de entender, comprometendo a legibilidade e a estrutura.",Sim,Goto Statement,PHP/web,Sim,2,Goto Statement,G,ok (24/09/2026),
165,S13,bessghaier_diffusion_2020,High Method Complexity (HMC),"Representa a complexidade ciclomática de um método, ou seja, o número de pontos de decisão (if, for, while, etc.). Quanto maior a complexidade, maior o número de casos de teste necessários para verificar todas as execuções possíveis.",Sim,Cyclomatic Complexity,Complexidade,Sim,18,Cyclomatic Complexity,G,ok (24/09/2026),
166,S13,bessghaier_diffusion_2020,High NPath Complexity (HNPC),Refere-se ao número de caminhos de execução possíveis em um código com muitos condicionais aninhados (if/else). Isso reduz a legibilidade e aumenta as dificuldades de teste.,Sim,NPath Complexity,Complexidade,Sim,19,NPath Complexity,G,ok (24/09/2026),
167,S13,bessghaier_diffusion_2020,Excessive Method Length (EML),"Quando um método excede 100 linhas de código, ele se torna extenso e provavelmente processa dados de forma complexa, dificultando sua compreensão e manutenção.",Sim,Excessive Method Length,Tamanho,Sim,12,Excessive Method Length,G,ok (24/09/2026),
168,S13,bessghaier_diffusion_2020,Excessive Class Length (ECL),"Classes grandes representam um desafio para manutenção e eficiência, pois seu tamanho geralmente implica em uma responsabilidade excessiva que deveria ser dividida.",Sim,Excessive Class Length,Tamanho,Sim,11,Excessive Class Length,G,ok (24/09/2026),
169,S13,bessghaier_diffusion_2020,Excessive Parameter List (EPL),"Um método com muitos parâmetros pode indicar que ele está executando muitas tarefas, tornando-se mais difícil de entender e testar.",Sim,Excessive Parameter List,Tamanho,Sim,13,Excessive Parameter List,G,ok (24/09/2026),
170,S13,bessghaier_diffusion_2020,Too Many Public Methods (TMPM),"Um número elevado de métodos públicos indica que a classe não preserva a encapsulação, o que aumenta o esforço para manter o comportamento interno da classe sem quebrar dependências.",Sim,Too Many Public Methods,Tamanho,Sim,15,Too Many Public Methods,G,ok (24/09/2026),
171,S13,bessghaier_diffusion_2020,Too Many Methods (TMM),"Um sintoma de que a classe contém métodos que provavelmente não são de sua responsabilidade, o que diminui a coesão e dificulta a manutenibilidade.",Sim,Too Many Methods,Tamanho,Sim,14,Too Many Methods,G,ok (24/09/2026),
172,S18,rubert_farias_2022,Duplicate codes,"Segmentos de código que são repetidos, o que aumenta o esforço de manutenção e a possibilidade de inconsistências.",Sim,Duplicate Code,Duplicação,Sim,24,Duplicate Code,G,ok (24/09/2026),
173,S18,rubert_farias_2022,Code complexity,"A quantidade de caminhos e ramificações no código, que dificultam a compreensão e a manutenção.",Sim,Cyclomatic Complexity,Complexidade,Sim,18,Cyclomatic Complexity,G,ok (24/09/2026),
174,S20,rio_abreu_2023,Cyclomatic Complexity (Complexidade Ciclomática),"Complexidade excessiva em um método, calculada pelo número de pontos de decisão mais um. Limite: 10.",Sim,Cyclomatic Complexity,Complexidade,Sim,18,Cyclomatic Complexity,G,ok (24/09/2026),
175,S20,rio_abreu_2023,NPath Complexity (Complexidade de Caminho N),Número excessivo de caminhos de execução acíclicos em um método. Limite: 200.,Sim,NPath Complexity,Complexidade,Sim,19,NPath Complexity,G,ok (24/09/2026),
176,S20,rio_abreu_2023,Excessive Method Length (Método Excessivamente Longo),"Método que realiza muitas operações, tornando-se longo e difícil de entender. Limite: 100 linhas.",Sim,Excessive Method Length,Tamanho,Sim,12,Excessive Method Length,G,ok (24/09/2026),
177,S20,rio_abreu_2023,Excessive Class Length (Classe Excessivamente Longa),"Classe que contém muito código, indicando responsabilidade excessiva. Limite: 1000 linhas.",Sim,Excessive Class Length,Tamanho,Sim,11,Excessive Class Length,G,ok (24/09/2026),
178,S20,rio_abreu_2023,Excessive Parameter List (Lista de Parâmetros Excessiva),"Método que aceita um número excessivo de parâmetros, dificultando a compreensão e manutenção. Limite: 10 parâmetros.",Sim,Excessive Parameter List,Tamanho,Sim,13,Excessive Parameter List,G,ok (24/09/2026),
179,S20,rio_abreu_2023,Excessive Public Count (Contagem Pública Excessiva),"Classe com muitos métodos ou atributos públicos, sugerindo um acoplamento excessivo. Limite: 45 métodos/atributos.",Sim,Excessive Public Count,Tamanho,Sim,17,Excessive Public Count,G,ok (24/09/2026),
180,S20,rio_abreu_2023,Too Many Fields (Muitos Campos),"Classe com um número excessivo de campos, indicando possíveis responsabilidades múltiplas. Limite: 15 campos.",Sim,Too Many Fields,Tamanho,Sim,16,Too Many Fields,G,ok (24/09/2026),
181,S20,rio_abreu_2023,Too Many Methods (Muitos Métodos),"Classe com muitos métodos, sugerindo uma sobrecarga de funcionalidades. Limite: 25 métodos.",Sim,Too Many Methods,Tamanho,Sim,14,Too Many Methods,G,ok (24/09/2026),
182,S20,rio_abreu_2023,Too Many Public Methods (Muitos Métodos Públicos),"Classe com muitos métodos públicos, o que pode indicar uma exposição excessiva de funcionalidades. Limite: 10 métodos.",Sim,Too Many Public Methods,Tamanho,Sim,15,Too Many Public Methods,G,ok (24/09/2026),
183,S20,rio_abreu_2023,Excessive Class Complexity (Complexidade de Classe Excessiva),Complexidade total excessiva de todos os métodos em uma classe. Limite: 50.,Sim,Excessive Class Complexity,Complexidade,Sim,20,Excessive Class Complexity,G,ok (24/09/2026),
184,S20,rio_abreu_2023,Number of Children (Número de Filhos),"Classe com um número excessivo de subclasses, o que pode tornar o código difícil de gerenciar. Limite: 15 subclasses.",Sim,Number of Children,Herança e acoplamento,Sim,23,Number of Children,G,ok (24/09/2026),
185,S20,rio_abreu_2023,Depth of Inheritance (Profundidade de Herança),"Profundidade excessiva da hierarquia de herança, dificultando a rastreabilidade do código. Limite: 6 níveis.",Sim,Depth of Inheritance,Herança e acoplamento,Sim,22,Depth of Inheritance,G,ok (24/09/2026),
186,S20,rio_abreu_2023,Coupling Between Objects (Acoplamento Entre Objetos),"Classe com muitas dependências, indicando alto acoplamento e reduzindo a modularidade. Limite: 13 dependências.",Sim,Coupling Between Objects,Herança e acoplamento,Sim,21,Coupling Between Objects,G,ok (24/09/2026),
187,S20,rio_abreu_2023,Development Code Fragment (Fragmento de Código de Desenvolvimento),"Fragmento de código que deve ser usado apenas durante o desenvolvimento, como var_dump() ou print_r(). Limite: 1 ocorrência.",Sim,Development Code Fragment,PHP/web,Sim,1,Development Code Fragment,P,ok (24/09/2026),
188,S20,rio_abreu_2023,Unused Private Field (Campo Privado Não Utilizado),"Campo privado que não é usado em lugar algum, indicando código morto. Limite: 1 ocorrência.",Sim,Unused Private Field,Código não utilizado,Sim,25,Unused Private Field,G,ok (24/09/2026),
189,S20,rio_abreu_2023,Unused Local Variable (Variável Local Não Utilizada),"Variável local que é declarada, mas nunca utilizada. Limite: 1 ocorrência.",Sim,Unused Local Variable,Código não utilizado,Sim,27,Unused Local Variable,G,ok (24/09/2026),
190,S20,rio_abreu_2023,Unused Private Method (Método Privado Não Utilizado),"Método privado que não é invocado em lugar algum, indicando código morto. Limite: 1 ocorrência.",Sim,Unused Private Method,Código não utilizado,Sim,26,Unused Private Method,G,ok (24/09/2026),
191,S20,rio_abreu_2023,Unused Formal Parameter (Parâmetro Formal Não Utilizado),Parâmetro de método que nunca é utilizado dentro do método. Limite: 1 ocorrência.,Sim,Unused Formal Parameter,Código não utilizado,Sim,28,Unused Formal Parameter,G,ok (24/09/2026),
192,S09,soltanifar_2016,Incrementadores confusos,Uso de incrementadores de forma que dificulta a compreensão.,Sim,Incrementadores confusos,Complexidade,Não,,,,"fora do catálogo: CS do Projeto 1 (Java, PMD) de Soltanifar, confirmado no artigo original, Seções 3.1 e 3.3 (24/09/2026)","A planilha de extração marcou como específico de PHP, mas o artigo mostra que vem da análise com PMD do projeto Java."
193,S09,soltanifar_2016,Uso confuso de loops,Utilização de loops de maneira não clara.,Sim,Uso confuso de loops,Complexidade,Não,,,,"fora do catálogo: CS do Projeto 1 (Java, PMD) de Soltanifar, confirmado no artigo original, Seções 3.1 e 3.3 (24/09/2026)","A planilha de extração marcou como específico de PHP, mas o artigo mostra que vem da análise com PMD do projeto Java."
194,S09,soltanifar_2016,Código desnecessário,"Presença de código redundante ou não utilizado, como retornos desnecessários e parênteses inúteis.",Sim,Dead Code / código desnecessário,Código não utilizado,Não,,,,"fora do catálogo: CS do Projeto 1 (Java, PMD) de Soltanifar, confirmado no artigo original, Seções 3.1 e 3.3 (24/09/2026)","A planilha de extração marcou como específico de PHP, mas o artigo mostra que vem da análise com PMD do projeto Java."
195,S09,soltanifar_2016,Tratamento de exceções rigoroso,Maneira inadequada de lançar e capturar exceções.,Sim,Tratamento de exceções rigoroso,Exceções,Não,,,,"fora do catálogo: CS do Projeto 1 (Java, PMD) de Soltanifar, confirmado no artigo original, Seções 3.1 e 3.3 (24/09/2026)","A planilha de extração marcou como específico de PHP, mas o artigo mostra que vem da análise com PMD do projeto Java."
196,S09,soltanifar_2016,Manipulação de strings e buffers de strings,Problemas relacionados ao uso incorreto de strings e buffers.,Sim,Manipulação de strings e buffers,Outros,Não,,,,"fora do catálogo: CS do Projeto 1 (Java, PMD) de Soltanifar, confirmado no artigo original, Seções 3.1 e 3.3 (24/09/2026)","A planilha de extração marcou como específico de PHP, mas o artigo mostra que vem da análise com PMD do projeto Java."
197,S09,soltanifar_2016,Nomes mal definidos,Nomes de variáveis e identificadores que não seguem boas práticas.,Sim,Nomes mal definidos,Estilo,Não,,,,"fora do catálogo: CS do Projeto 1 (Java, PMD) de Soltanifar, confirmado no artigo original, Seções 3.1 e 3.3 (24/09/2026)","A planilha de extração marcou como específico de PHP, mas o artigo mostra que vem da análise com PMD do projeto Java."
198,S09,soltanifar_2016,Regras de colocação de chaves,Erros de posicionamento de chaves em blocos de código.,Sim,Regras de colocação de chaves,Estilo,Não,,,,"fora do catálogo: CS do Projeto 1 (Java, PMD) de Soltanifar, confirmado no artigo original, Seções 3.1 e 3.3 (24/09/2026)","A planilha de extração marcou como específico de PHP, mas o artigo mostra que vem da análise com PMD do projeto Java."
199,S09,soltanifar_2016,Classes sobrecarregadas,Classes que têm uma quantidade excessiva de código.,Sim,Excessive Class Length,Tamanho,Não,,,,"fora do catálogo: CS do Projeto 1 (Java, PMD) de Soltanifar, confirmado no artigo original, Seções 3.1 e 3.3 (24/09/2026)","A planilha de extração marcou como específico de PHP, mas o artigo mostra que vem da análise com PMD do projeto Java."
200,S09,soltanifar_2016,Código duplicado,Partes do código que são copiadas em diferentes lugares.,Sim,Duplicate Code,Duplicação,Não,,,,"fora do catálogo: CS do Projeto 1 (Java, PMD) de Soltanifar, confirmado no artigo original, Seções 3.1 e 3.3 (24/09/2026)","A planilha de extração marcou como específico de PHP, mas o artigo mostra que vem da análise com PMD do projeto Java."
201,S09,soltanifar_2016,Blocos vazios,Presença de blocos de código que não contêm instruções.,Sim,Blocos vazios,Exceções,Não,,,,"fora do catálogo: CS do Projeto 1 (Java, PMD) de Soltanifar, confirmado no artigo original, Seções 3.1 e 3.3 (24/09/2026)","A planilha de extração marcou como específico de PHP, mas o artigo mostra que vem da análise com PMD do projeto Java."
202,S09,soltanifar_2016,Implementações de clones,Uso inadequado do método clone.,Sim,Implementações de clones (uso do método clone),Outros,Não,,,,"fora do catálogo: CS do Projeto 1 (Java, PMD) de Soltanifar, confirmado no artigo original, Seções 3.1 e 3.3 (24/09/2026)","A planilha de extração marcou como específico de PHP, mas o artigo mostra que vem da análise com PMD do projeto Java."
203,S09,soltanifar_2016,Otimização,Problemas que afetam o desempenho do código.,Sim,Otimização,Outros,Não,,,,"fora do catálogo: CS do Projeto 1 (Java, PMD) de Soltanifar, confirmado no artigo original, Seções 3.1 e 3.3 (24/09/2026)","A planilha de extração marcou como específico de PHP, mas o artigo mostra que vem da análise com PMD do projeto Java."
204,S09,soltanifar_2016,Diretrizes de segurança do código,Violações de boas práticas relacionadas à segurança.,Sim,Diretrizes de segurança do código,Outros,Não,,,,"fora do catálogo: CS do Projeto 1 (Java, PMD) de Soltanifar, confirmado no artigo original, Seções 3.1 e 3.3 (24/09/2026)","A planilha de extração marcou como específico de PHP, mas o artigo mostra que vem da análise com PMD do projeto Java."
205,S09,soltanifar_2016,Ausência de ponto e vírgula,Problema em JavaScript onde faltam pontos e vírgulas.,Sim,Ausência de ponto e vírgula (JavaScript),Estilo,Não,,,,remover: problema de JavaScript,A própria planilha descreve como problema de JavaScript.
206,S09,soltanifar_2016,Tags de parâmetro mal agrupadas,"Tags de documentação agrupadas junto das tags @param, sem a separação exigida pelo padrão de codificação (mensagem do PHPCS: ""Tag cannot be grouped with parameter tags""). É o CS mais frequente do projeto PHP do estudo.",Sim,Poorly Grouped Parameter Tags,Documentação,Sim,32,Poorly Grouped Parameter Tags,P,ok (24/09/2026),"Descrição reescrita a partir do artigo original, Seção 3.3 (24/09/2026)."
207,S09,soltanifar_2016,Falta de comentários de função,Funções sem comentários de documentação.,Sim,Missing Function Comments,Documentação,Sim,30,Missing Function Comments,P,ok (24/09/2026),
208,S09,soltanifar_2016,Falta de tag @return em comentários,Falta de descrição de retorno nos comentários de função.,Sim,Missing @Return Tag in Comments,Documentação,Sim,31,Missing @Return Tag in Comments,P,ok (24/09/2026),
209,S09,soltanifar_2016,Espaçamento incorreto após vírgulas,Problema de estilo de código onde não há espaço após vírgulas.,Sim,Incorrect Spacing After Commas,Estilo,Sim,36,Incorrect Spacing After Commas,P,ok (24/09/2026),
210,S09,soltanifar_2016,Parênteses de funções em múltiplas linhas,Uso inadequado de parênteses em funções de múltiplas linhas.,Sim,Functions Parentheses on Multiple Lines,Estilo,Sim,37,Functions Parentheses on Multiple Lines,P,ok (24/09/2026),
211,S09,soltanifar_2016,Uso de comentários de estilo /**,Requisitos de usar um estilo específico de comentário.,Sim,Comment Style (/**),Documentação,Sim,33,Comment Style (/**),P,ok (24/09/2026),
,S09,soltanifar_2016,Missing parameter name,Tag @param sem o nome do parâmetro no comentário de documentação.,Sim,Missing Parameter Name,Documentação,Sim,34,Missing Parameter Name,P,"ok (24/09/2026): acréscimo a partir do artigo original, Seção 3.3 (lista do Projeto 2, PHPCS); não constava da planilha de extração",
,S09,soltanifar_2016,There must be exactly one blank line before,Quantidade incorreta de linhas em branco antes das tags no comentário de documentação.,Sim,Blank Line Before Tags,Estilo,Sim,38,Blank Line Before Tags,P,"ok (24/09/2026): acréscimo a partir do artigo original, Seção 3.3 (lista do Projeto 2, PHPCS); não constava da planilha de extração",
,S09,soltanifar_2016,Opening brace should be on a new line,Chave de abertura fora da linha exigida pelo padrão de codificação.,Sim,Brace Placement Rules,Estilo,Sim,35,Brace Placement Rules,P,"ok (24/09/2026): acréscimo a partir do artigo original, Seção 3.3 (lista do Projeto 2, PHPCS); não constava da planilha de extração",
212,S04,yamashita_moonen_2013,Data Class,"Classes que contêm apenas campos e métodos de acesso (getters e setters), sem implementar funcionalidades específicas.",Não,Data Class,Responsabilidades e projeto,Não,,,,fora do catálogo: estudo não é de PHP,
213,S04,yamashita_moonen_2013,Data Clumps,"Conjuntos de dados que aparecem sempre juntos, dentro de uma classe ou entre classes.",Não,Data Clumps,Responsabilidades e projeto,Não,,,,fora do catálogo: estudo não é de PHP,
214,S04,yamashita_moonen_2013,Duplicated Code in Conditional Branches,Código com estrutura semelhante ou idêntica em diferentes ramos de uma condição.,Não,Duplicated Code in Conditional Branches,Duplicação,Não,,,,fora do catálogo: estudo não é de PHP,
215,S04,yamashita_moonen_2013,Feature Envy,Um método que demonstra mais interesse em dados de outra classe do que da própria classe em que está. É recomendável mover esse método para a classe que contém a maioria dos dados que ele usa.,Não,Feature Envy,Herança e acoplamento,Não,,,,fora do catálogo: estudo não é de PHP,
216,S04,yamashita_moonen_2013,God (Large) Class,Uma classe que centraliza muitas responsabilidades em relação às classes com as quais está acoplada. Viola o princípio de decomposição e dificulta a manutenção.,Não,God Class / Blob,Responsabilidades e projeto,Não,,,,fora do catálogo: estudo não é de PHP,
217,S04,yamashita_moonen_2013,God (Long) Method,"Um método que é muito extenso comparado aos outros métodos da mesma classe, centralizando grande parte da funcionalidade da classe.",Não,Excessive Method Length,Tamanho,Não,,,,fora do catálogo: estudo não é de PHP,
218,S04,yamashita_moonen_2013,Misplaced Class,"Classes que, em pacotes “God”, precisam mais de outras classes de pacotes diferentes do que de classes de seu próprio pacote.",Não,Misplaced Class,Responsabilidades e projeto,Não,,,,fora do catálogo: estudo não é de PHP,
219,S04,yamashita_moonen_2013,Refused Bequest,Subclasses que não desejam ou não precisam de tudo que herdaram da classe pai.,Não,Refused Bequest,Herança e acoplamento,Não,,,,fora do catálogo: estudo não é de PHP,
220,S04,yamashita_moonen_2013,Shotgun Surgery,Uma mudança em uma classe que exige várias pequenas mudanças em diversas outras classes.,Não,Shotgun Surgery,Herança e acoplamento,Não,,,,fora do catálogo: estudo não é de PHP,
221,S04,yamashita_moonen_2013,Temporary Variable for Various Purposes,"Variáveis temporárias que são usadas em diferentes contextos, o que pode levar a confusão e a introdução de erros.",Não,Temporary Variable Used for Several Purposes,Responsabilidades e projeto,Não,,,,fora do catálogo: estudo não é de PHP,
222,S04,yamashita_moonen_2013,Use Interface Instead of Implementation,"Idealmente, deve-se evitar casting de classes para implementações específicas, definindo e implementando uma interface no lugar.",Não,Use Interface Instead of Implementation,Herança e acoplamento,Não,,,,fora do catálogo: estudo não é de PHP,
223,S04,yamashita_moonen_2013,Interface Segregation Principle (ISP) Violation,"A dependência de uma classe em relação a outra deve ser com a menor interface possível. Clientes não devem ser forçados a depender de métodos que não usam, pois isso cria acoplamento.",Não,Interface Segregation Principle Violation,Herança e acoplamento,Não,,,,fora do catálogo: estudo não é de PHP,
224,S02,gauthier_merlo_2013,Implicitly Granted Privileges,"Um privilégio é concedido implicitamente junto com outro: rotinas protegidas por um privilégio executam operações que exigiriam outro, sem verificá-lo (ex.: no Moodle, rotinas protegidas por lesson:edit também fazem operações de lesson:manage).",Sim,Implicitly Granted Privileges,PHP/web,Sim,3,Implicitly Granted Privileges,W,ok (24/09/2026),"Descrição reescrita a partir do artigo original, Seção V (24/09/2026)."
225,S02,gauthier_merlo_2013,Semantically Related Privileges,"Privilégios com a mesma semântica duplicados para cada componente (ex.: 82 privilégios de visualização no Moodle), o que acopla privilégios a componentes e faz o número de privilégios crescer com o sistema.",Sim,Semantically Related Privileges,PHP/web,Sim,4,Semantically Related Privileges,W,ok (24/09/2026),"Descrição reescrita a partir do artigo original, Seção V (24/09/2026)."
