row_in_original_spreadsheet,study_id,key,name_in_study,description,marked_as_php_in_extraction,synonym_group,category,in_catalog,catalog_number,catalog_name,specificity,decision,notes
1,S14,catolino_2020,Class Data Should Be Private,Indicates that the data of a class are not properly encapsulated,No,Class Data Should Be Private,Responsibilities and design,No,,,,outside the catalog: not a PHP study,
2,S14,catolino_2020,Long Parameter List,"Refers to methods that take many parameters, which hinders understanding and maintenance.",No,Excessive Parameter List,Size,No,,,,outside the catalog: not a PHP study,
3,S14,catolino_2020,Lazy Class,Classes that are not useful enough to justify their existence.,No,Lazy Class,Unused code,No,,,,outside the catalog: not a PHP study,
4,S15,bessghaier_longitudinal_2021,Excessive Number Of Children (ENOC),Many children of a class make the hierarchy harder to maintain.,Yes,Number of Children,Inheritance and coupling,Yes,23,Number of Children,G,ok (2026-09-24),
5,S15,bessghaier_longitudinal_2021,Excessive Depth Of Inheritance (EDOI),A deep inheritance tree increases coupling and hinders maintenance.,Yes,Depth of Inheritance,Inheritance and coupling,Yes,22,Depth of Inheritance,G,ok (2026-09-24),
6,S15,bessghaier_longitudinal_2021,High Coupling (HC),Many dependencies make the class harder to maintain.,Yes,Coupling Between Objects,Inheritance and coupling,Yes,21,Coupling Between Objects,G,ok (2026-09-24),
7,S15,bessghaier_longitudinal_2021,Empty Catch Block (ECB),Empty catch blocks hinder error handling.,Yes,Empty Catch Block,Exceptions,Yes,29,Empty Catch Block,G,ok (2026-09-24),
8,S15,bessghaier_longitudinal_2021,Goto Statement (GTS),The use of goto makes the program logic hard to understand.,Yes,Goto Statement,PHP/web,Yes,2,Goto Statement,G,ok (2026-09-24),
9,S15,bessghaier_longitudinal_2021,High Method Complexity (HMC),High cyclomatic complexity makes the code hard to test and maintain.,Yes,Cyclomatic Complexity,Complexity,Yes,18,Cyclomatic Complexity,G,ok (2026-09-24),
10,S15,bessghaier_longitudinal_2021,High NPath Complexity (HNPC),"High complexity in control structures (e.g., if/else), reducing clarity and making testing harder.",Yes,NPath Complexity,Complexity,Yes,19,NPath Complexity,G,ok (2026-09-24),
11,S15,bessghaier_longitudinal_2021,Excessive Method Length (EML),Very long methods hinder understanding and maintenance.,Yes,Excessive Method Length,Size,Yes,12,Excessive Method Length,G,ok (2026-09-24),
12,S15,bessghaier_longitudinal_2021,Excessive Class Length (ECL),Large classes are hard to manage and maintain.,Yes,Excessive Class Length,Size,Yes,11,Excessive Class Length,G,ok (2026-09-24),
13,S15,bessghaier_longitudinal_2021,Excessive Parameter List (EPL),Many parameters in methods indicate that the method may be performing many functions.,Yes,Excessive Parameter List,Size,Yes,13,Excessive Parameter List,G,ok (2026-09-24),
14,S15,bessghaier_longitudinal_2021,Too Many Public Methods (TMPM),Many public functions increase the risk of coupling with external classes.,Yes,Too Many Public Methods,Size,Yes,15,Too Many Public Methods,G,ok (2026-09-24),
15,S15,bessghaier_longitudinal_2021,Too Many Methods (TMM),A large number of methods in a class may indicate low cohesion.,Yes,Too Many Methods,Size,Yes,14,Too Many Methods,G,ok (2026-09-24),
16,S16,tarwani_ao_2021,Long Method,Very long methods that make the code harder to read and maintain.,No,Excessive Method Length,Size,No,,,,outside the catalog: not a PHP study,
17,S16,tarwani_ao_2021,Feature Envy,When a method in a class uses another class more than its own.,No,Feature Envy,Inheritance and coupling,No,,,,outside the catalog: not a PHP study,
18,S16,tarwani_ao_2021,Large Class,"Classes with many responsibilities, which can make the code harder to maintain.",No,God Class / Blob,Responsibilities and design,No,,,,outside the catalog: not a PHP study,
19,S16,tarwani_ao_2021,Divergent Change,"When a single class is frequently changed for different reasons, violating the single responsibility principle.",No,Divergent Change,Inheritance and coupling,No,,,,outside the catalog: not a PHP study,
20,S19,tarwani_deep_2022,God Class,"A God Class is a class that takes on many responsibilities, violating the single responsibility principle. It tends to centralize the logic of the system, making the code hard to maintain and understand, besides increasing coupling with other classes.",No,God Class / Blob,Responsibilities and design,No,,,,outside the catalog: not a PHP study,
21,S19,tarwani_deep_2022,Long Method,"A method with an excessive number of lines of code, which may indicate that it is performing many different tasks. Long methods are harder to understand, test and maintain. The solution usually involves breaking it into smaller methods.",No,Excessive Method Length,Size,No,,,,outside the catalog: not a PHP study,
22,S19,tarwani_deep_2022,Feature Envy,"Occurs when a method in a class is more interested in the data or methods of another class than in its own class. This smell indicates that the method may be in the wrong place and should be moved to the class it ""envies"".",No,Feature Envy,Inheritance and coupling,No,,,,outside the catalog: not a PHP study,
23,S19,tarwani_deep_2022,Type Checking,"This smell appears when the code performs many type checks to change its behavior according to the type of object being handled. This may indicate that the code does not make good use of polymorphism, resulting in less flexible code that is harder to maintain.",No,Switch Statement / Type Checking,Complexity,No,,,,outside the catalog: not a PHP study,
24,S19,tarwani_deep_2022,Empty Catch Block,"Refers to an exception catch block that does nothing when an exception is thrown. This can mask problems in the code, since failures are neither handled nor reported, hindering debugging and the reliability of the system.",No,Empty Catch Block,Exceptions,No,,,,outside the catalog: not a PHP study,
25,S19,tarwani_deep_2022,Dummy Handler,"An exception handler (catch block) that contains minimal or irrelevant code, such as a simple comment or a trivial log, without properly handling the exception. This can result in unresolved problems in the system.",No,Dummy Handler,Exceptions,No,,,,outside the catalog: not a PHP study,
26,S19,tarwani_deep_2022,Unprotected Main,Refers to a main method without proper exception handling. An unprotected main can let unhandled exceptions cause the program to terminate abruptly.,No,Unprotected Main,Exceptions,No,,,,outside the catalog: not a PHP study,
27,S19,tarwani_deep_2022,Nested Try Statement,"Occurs when try-catch blocks are excessively nested inside other try-catch blocks. This makes the code harder to read, maintain and debug, besides increasing complexity unnecessarily.",No,Nested Try Statement,Exceptions,No,,,,outside the catalog: not a PHP study,
28,S19,tarwani_deep_2022,Careless Cleanup,"Refers to the absence or poor implementation of cleanup processes, such as closing files or releasing resources after use, which can cause memory leaks or other performance problems.",No,Careless Cleanup,Exceptions,No,,,,outside the catalog: not a PHP study,
29,S19,tarwani_deep_2022,Exception Thrown in Finally Block,"Occurs when an exception is thrown inside a finally block, which is normally used to ensure that resources are cleaned up. This can obscure exceptions thrown in the try block, making it harder to detect the original cause of the problem and possibly producing unexpected behavior in the code.",No,Exception Thrown in Finally Block,Exceptions,No,,,,outside the catalog: not a PHP study,
30,S19,tarwani_deep_2022,Over Logging,"Excessive log generation can negatively affect system performance, increase the complexity of problem analysis and hinder maintenance.",No,Over Logging,Documentation,No,,,,outside the catalog: not a PHP study,
31,S10,souza_2017,Large Class (Classe Grande),"Refers to classes that have many responsibilities, methods and attributes, making them hard to manage and maintain. This goes against the principle that a class should have a single responsibility. A ""Large Class"" concentrates many features, which can make the code more complex and hard to understand.",No,God Class / Blob,Responsibilities and design,No,,,,outside the catalog: not a PHP study,
32,S10,souza_2017,Long Method,"Refers to methods that become excessively long and complex as new features are added. A ""Long Method"" tends to be hard to understand, test and maintain, besides violating the principle that each method should perform only one task.",No,Excessive Method Length,Size,No,,,,outside the catalog: not a PHP study,
33,S10,souza_2017,Data Class,"A ""Data Class"" contains mainly attributes and basic methods to access them (getters and setters), without implementing complex logic. These classes act as data containers and have no significant behavior associated with them, which makes them prone to becoming mere aggregators of information.",No,Data Class,Responsibilities and design,No,,,,outside the catalog: not a PHP study,
34,S10,souza_2017,Feature Envy,"This ""bad smell"" occurs when a class accesses the data of another class more often than its own data, suggesting that part of its functionality could be in the other class. The ""envious"" class is more interested in the attributes and methods of another class, which indicates a poor separation of responsibilities.",No,Feature Envy,Inheritance and coupling,No,,,,outside the catalog: not a PHP study,
35,S10,souza_2017,Refused Bequest,"This problem arises when a subclass inherits methods or attributes from a superclass but does not use them meaningfully. The subclass ""refuses"" the inheritance by ignoring or overriding inherited methods and attributes, which may be a sign that the inheritance relationship was poorly designed.",No,Refused Bequest,Inheritance and coupling,No,,,,outside the catalog: not a PHP study,
36,S06,wagey_2015,Duplicate code,"Occurs when there are identical or very similar code fragments in different parts of the software. This hinders maintenance, since any change must be replicated in several areas, increasing the chance of errors.",No,Duplicate Code,Duplication,No,,,,outside the catalog: not a PHP study,
37,S06,wagey_2015,Long parameter list,"When a method or function takes many parameters, the code can become confusing and hard to understand. It also makes maintenance more complex, since many dependencies are passed from one function to another.",No,Excessive Parameter List,Size,No,,,,outside the catalog: not a PHP study,
38,S06,wagey_2015,Long method,"A method that performs many tasks or has a large number of lines of code. This makes the method harder to understand, test and maintain, and suggests that it could be split into smaller, more specialized methods.",No,Excessive Method Length,Size,No,,,,outside the catalog: not a PHP study,
39,S06,wagey_2015,Lazy class,A class that does very little or is no longer used meaningfully in the code. These classes consume resources without offering clear benefits and can be removed or refactored to simplify the design.,No,Lazy Class,Unused code,No,,,,outside the catalog: not a PHP study,
40,S06,wagey_2015,Classe grande (Large class),"When a class has many responsibilities, including many methods or attributes. This violates the ""single responsibility"" principle and makes the code hard to maintain and understand, since the class is trying to do many things at the same time.",No,God Class / Blob,Responsibilities and design,No,,,,outside the catalog: not a PHP study,
41,S17,zhao_2021,Excessive Block Diagram Size,Block diagram of excessive size.,No,Excessive Block Diagram Size,LabVIEW models,No,,,,outside the catalog: not a PHP study,
42,S17,zhao_2021,Wire Clutter,Too many wires in the diagrams.,No,Wire Clutter,LabVIEW models,No,,,,outside the catalog: not a PHP study,
43,S17,zhao_2021,Inconsistent Use of SubVIs,Inconsistent use of SubVIs.,No,Inconsistent Use of SubVIs,LabVIEW models,No,,,,outside the catalog: not a PHP study,
44,S17,zhao_2021,Deeply Nested Structures,Deeply nested structures.,No,Aninhamento excessivo,Complexity,No,,,,outside the catalog: not a PHP study,
45,S17,zhao_2021,Magic Numbers,Use of literal numbers without explanation.,No,Magic Numbers,Responsibilities and design,No,,,,outside the catalog: not a PHP study,
46,S17,zhao_2021,Unnecessary Local Variables,Use of unnecessary local variables.,No,Unnecessary Local Variables,Unused code,No,,,,outside the catalog: not a PHP study,
47,S17,zhao_2021,Repetitive Code,Repeated code that could be abstracted,No,Duplicate Code,Duplication,No,,,,outside the catalog: not a PHP study,
48,S08,palomba_textual_2016,Long Method,"Occurs when a method implements several features instead of a single responsibility, violating the single responsibility principle. Long methods are hard to understand and maintain. The associated refactoring is Extract Method, which separates the responsibilities into smaller methods.",No,Excessive Method Length,Size,No,,,,outside the catalog: not a PHP study,
49,S08,palomba_textual_2016,Feature Envy,"Refers to a method that ""envies"" another class, that is, it uses more attributes and methods of another class than of the class where it is located. The solution is to move it to the class where it belongs, using the Move Method refactoring.",No,Feature Envy,Inheritance and coupling,No,,,,outside the catalog: not a PHP study,
50,S08,palomba_textual_2016,Blob,"Also known as God Class, it is a huge class that centralizes the behavior of a significant part of the system, containing many responsibilities. This smell reduces cohesion and hinders maintenance. The common refactoring is Extract Class, which splits the class into several smaller classes.",No,God Class / Blob,Responsibilities and design,No,,,,outside the catalog: not a PHP study,
51,S08,palomba_textual_2016,Promiscuous Package,"Arises when a package contains classes that implement many different features, making it hard to understand and maintain. The typical solution is Extract Package, which redistributes the classes into smaller, more cohesive packages.",No,Promiscuous Package,Responsibilities and design,No,,,,outside the catalog: not a PHP study,
52,S08,palomba_textual_2016,Misplaced Class,Indicates a class located in a package unrelated to the features it implements. The class should be moved to a more suitable package through the Move Class refactoring.,No,Misplaced Class,Responsibilities and design,No,,,,outside the catalog: not a PHP study,
53,S08,palomba_textual_2016,Swiss Army Knife,"Refers to a class or module that contains many different features, like a ""Swiss army knife"", hindering cohesion and reuse.",No,Swiss Army Knife,Responsibilities and design,No,,,,outside the catalog: not a PHP study,
54,S08,palomba_textual_2016,Functional Decomposition,"This smell occurs when the code is structured in an excessively procedural rather than object-oriented way, leading to low cohesion and low code reuse.",No,Functional Decomposition,Responsibilities and design,No,,,,outside the catalog: not a PHP study,
55,S08,palomba_textual_2016,Spaghetti Code,"Code that is hard to understand and follow because it lacks proper structure, usually resulting from code with many nested loops or scattered conditional logic.",No,Spaghetti Code,Complexity,No,,,,outside the catalog: not a PHP study,
56,S08,palomba_textual_2016,State Checking,"A smell in which a method performs many state checks (usually on objects) before executing its main logic, which may indicate lack of cohesion and design problems.",No,Switch Statement / Type Checking,Complexity,No,,,,outside the catalog: not a PHP study,
57,S08,palomba_textual_2016,Divergent Change,"Occurs when a single class is modified for different reasons, which indicates that it may be taking on more responsibilities than it should. The appropriate refactoring is to split this class into smaller classes.",No,Divergent Change,Inheritance and coupling,No,,,,outside the catalog: not a PHP study,
58,S08,palomba_textual_2016,Parallel Inheritance,"When an inheritance hierarchy reflects changes in several classes at the same time, making it hard to keep them consistent.",No,Parallel Inheritance,Inheritance and coupling,No,,,,outside the catalog: not a PHP study,
59,S08,palomba_textual_2016,Shotgun Surgery,"A smell that occurs when a single change must be applied to several classes at the same time, indicating a poor separation of responsibilities.",No,Shotgun Surgery,Inheritance and coupling,No,,,,outside the catalog: not a PHP study,
60,S22,zivotin_2023,Shotgun Surgery,Refers to a code smell in which a single change in one part of the software requires several small changes in different places. This is problematic because it increases maintenance effort and the risk of errors,No,Shotgun Surgery,Inheritance and coupling,No,,,,outside the catalog: not a PHP study,
61,S22,zivotin_2023,Duplicated Code,"Duplicated code fragments in different parts of the system. When one of these fragments changes, all copies need to be updated, which can lead to errors and maintenance difficulties",No,Duplicate Code,Duplication,No,,,,outside the catalog: not a PHP study,
62,S22,zivotin_2023,Magic Numbers,"Numbers hard-coded without a clear explanation, scattered across different parts of the software. Changes to these numbers can lead to maintenance problems, since it is hard to ensure that all instances are updated correctly",No,Magic Numbers,Responsibilities and design,No,,,,outside the catalog: not a PHP study,
63,S22,zivotin_2023,Feature Envy,"A ""bad smell"" in which a method in a class seems more interested in the data of another class, suggesting that the behavior should perhaps be in that other class.",No,Feature Envy,Inheritance and coupling,No,,,,outside the catalog: not a PHP study,
64,S23,rio_causal_2024,Cyclomatic Complexity,Too many decision points in a method (above 10).,Yes,Cyclomatic Complexity,Complexity,Yes,18,Cyclomatic Complexity,G,ok (2026-09-24),
65,S23,rio_causal_2024,NPath Complexity,Excessive acyclic execution paths in a method (above 200).,Yes,NPath Complexity,Complexity,Yes,19,NPath Complexity,G,ok (2026-09-24),
66,S23,rio_causal_2024,Method Length,Very long method (more than 100 lines).,Yes,Excessive Method Length,Size,Yes,12,Excessive Method Length,G,ok (2026-09-24),
67,S23,rio_causal_2024,Class Length,Very long class (more than 1000 lines).,Yes,Excessive Class Length,Size,Yes,11,Excessive Class Length,G,ok (2026-09-24),
68,S23,rio_causal_2024,Parameter List,Excessively long parameter list in a method (more than 10 parameters).,Yes,Excessive Parameter List,Size,Yes,13,Excessive Parameter List,G,ok (2026-09-24),
69,S23,rio_causal_2024,Public Count,Too many public methods/attributes (more than 45).,Yes,Excessive Public Count,Size,Yes,17,Excessive Public Count,G,ok (2026-09-24),
70,S23,rio_causal_2024,Too Many Fields,Class with many fields (more than 15).,Yes,Too Many Fields,Size,Yes,16,Too Many Fields,G,ok (2026-09-24),
71,S23,rio_causal_2024,Too Many Methods,Class with many methods (more than 25).,Yes,Too Many Methods,Size,Yes,14,Too Many Methods,G,ok (2026-09-24),
72,S23,rio_causal_2024,Public Methods,Class with many public methods (more than 10).,Yes,Too Many Public Methods,Size,Yes,15,Too Many Public Methods,G,ok (2026-09-24),
73,S23,rio_causal_2024,Class Complexity,Excessive sum of the complexities of the methods of the class (above 50).,Yes,Excessive Class Complexity,Complexity,Yes,20,Excessive Class Complexity,G,ok (2026-09-24),
74,S23,rio_causal_2024,Number of Children,Class with an excessive number of children (above 15).,Yes,Number of Children,Inheritance and coupling,Yes,23,Number of Children,G,ok (2026-09-24),
75,S23,rio_causal_2024,Depth of Inheritance,Class with many levels of inheritance (above 6).,Yes,Depth of Inheritance,Inheritance and coupling,Yes,22,Depth of Inheritance,G,ok (2026-09-24),
76,S23,rio_causal_2024,Coupling Between Objects,Class with many dependencies (more than 13).,Yes,Coupling Between Objects,Inheritance and coupling,Yes,21,Coupling Between Objects,G,ok (2026-09-24),
77,S23,rio_causal_2024,Development Code Fragment,"Development code fragments such as var_dump(), print_r().",Yes,Development Code Fragment,PHP/web,Yes,1,Development Code Fragment,P,ok (2026-09-24),
78,S23,rio_causal_2024,Unused Private Field,Unused private field.,Yes,Unused Private Field,Unused code,Yes,25,Unused Private Field,G,ok (2026-09-24),
79,S23,rio_causal_2024,Unused Local Variable,Unused local variable.,Yes,Unused Local Variable,Unused code,Yes,27,Unused Local Variable,G,ok (2026-09-24),
80,S23,rio_causal_2024,Unused Private Method,Unused private method.,Yes,Unused Private Method,Unused code,Yes,26,Unused Private Method,G,ok (2026-09-24),
81,S23,rio_causal_2024,Unused Formal Parameter,Unused formal parameter,Yes,Unused Formal Parameter,Unused code,Yes,28,Unused Formal Parameter,G,ok (2026-09-24),
82,S23,rio_causal_2024,Embedded JS,JavaScript inside an HTML page in a <script> tag.,No,Embedded/Inline JavaScript,PHP/web,Yes,5,Embedded/Inline JavaScript,W,ok (2026-09-24),"Client-side code smell (JS/CSS embedded in the HTML generated by PHP): the spreadsheet marks it as not PHP-specific, but it enters the catalog by the 2026-09-24 decision to include embedded code smells."
83,S23,rio_causal_2024,Inline JS,JavaScript inserted directly into HTML elements.,No,Embedded/Inline JavaScript,PHP/web,Yes,5,Embedded/Inline JavaScript,W,ok (2026-09-24),"Client-side code smell (JS/CSS embedded in the HTML generated by PHP): the spreadsheet marks it as not PHP-specific, but it enters the catalog by the 2026-09-24 decision to include embedded code smells."
84,S23,rio_causal_2024,Embedded CSS,CSS inside an HTML page in a <style> tag.,No,Embedded/Inline CSS,PHP/web,Yes,6,Embedded/Inline CSS,W,ok (2026-09-24),"Client-side code smell (JS/CSS embedded in the HTML generated by PHP): the spreadsheet marks it as not PHP-specific, but it enters the catalog by the 2026-09-24 decision to include embedded code smells."
85,S23,rio_causal_2024,Inline CSS,CSS inserted directly into HTML elements.,No,Embedded/Inline CSS,PHP/web,Yes,6,Embedded/Inline CSS,W,ok (2026-09-24),"Client-side code smell (JS/CSS embedded in the HTML generated by PHP): the spreadsheet marks it as not PHP-specific, but it enters the catalog by the 2026-09-24 decision to include embedded code smells."
86,S23,rio_causal_2024,CSS in JS,CSS code inside JavaScript.,No,CSS in JavaScript,PHP/web,Yes,7,CSS in JavaScript,W,ok (2026-09-24),"Client-side code smell (JS/CSS embedded in the HTML generated by PHP): the spreadsheet marks it as not PHP-specific, but it enters the catalog by the 2026-09-24 decision to include embedded code smells."
87,S23,rio_causal_2024,CSS in JS: jQuery,CSS inserted in jQuery,No,CSS in JavaScript,PHP/web,Yes,7,CSS in JavaScript,W,ok (2026-09-24),"Client-side code smell (JS/CSS embedded in the HTML generated by PHP): the spreadsheet marks it as not PHP-specific, but it enters the catalog by the 2026-09-24 decision to include embedded code smells."
88,S23,rio_causal_2024,Max-lines,Number of lines per file exceeded (above 300).,No,Max-lines (arquivo JavaScript longo),Size,No,,,,outside the catalog: standalone JavaScript rule (ESLint),
89,S23,rio_causal_2024,Max-lines-per-function,Number of lines in a function exceeded (above 20).,No,Excessive Method Length,Size,No,,,,outside the catalog: standalone JavaScript rule (ESLint),
90,S23,rio_causal_2024,Max-params,Number of parameters in a function exceeded (more than 3).,No,Excessive Parameter List,Size,No,,,,outside the catalog: standalone JavaScript rule (ESLint),
91,S23,rio_causal_2024,Complexity,Cyclomatic complexity exceeded (more than 10).,No,Cyclomatic Complexity,Complexity,No,,,,outside the catalog: standalone JavaScript rule (ESLint),
92,S23,rio_causal_2024,Max-depth,Nesting depth exceeded (more than 4 levels).,No,Aninhamento excessivo,Complexity,No,,,,outside the catalog: standalone JavaScript rule (ESLint),
93,S23,rio_causal_2024,Max-nested-callbacks,Too many nested callbacks (above 3),No,Too many nested callbacks,Complexity,No,,,,outside the catalog: standalone JavaScript rule (ESLint),
94,S21,saranya_2023,Long Method,"A long and complex method that hinders understanding, modifying and testing the code. It can increase the risk of introducing errors, since it is hard to identify the source of problems.",No,Excessive Method Length,Size,No,,,,outside the catalog: not a PHP study,
95,S21,saranya_2023,Large Class,"A class with many responsibilities and methods, which hinders understanding, modifying and testing the code. Large classes increase the chance of errors and make it harder to identify the problem.",No,God Class / Blob,Responsibilities and design,No,,,,outside the catalog: not a PHP study,
96,S21,saranya_2023,Data Clumps,"A group of variables frequently used together. This hinders maintenance and understanding of the code, besides increasing complexity and the risk of errors.",No,Data Clumps,Responsibilities and design,No,,,,outside the catalog: not a PHP study,
97,S21,saranya_2023,God Object,"An object that has many responsibilities and methods, violating the encapsulation principle by exposing too much of its internal state and behavior. It hinders maintenance and testability.",No,God Class / Blob,Responsibilities and design,No,,,,outside the catalog: not a PHP study,
98,S21,saranya_2023,Divergent Change,"Occurs when a class undergoes several changes for different reasons, violating the single responsibility principle, which hinders maintenance.",No,Divergent Change,Inheritance and coupling,No,,,,outside the catalog: not a PHP study,
99,S21,saranya_2023,Message Chains,"A chain of method calls on different objects, which exposes too much of the internal structure of the code and hinders its understanding and maintenance. It increases the risk of errors.",No,Message Chains,Inheritance and coupling,No,,,,outside the catalog: not a PHP study,
100,S21,saranya_2023,Shotgun Surgery,"Occurs when a change at one point of the code requires several changes in different classes or methods, which hinders modification and testability.",No,Shotgun Surgery,Inheritance and coupling,No,,,,outside the catalog: not a PHP study,
101,S21,saranya_2023,Duplicated Code,"Identical or similar code blocks in different parts of the codebase. It makes the code harder to modify and test, since a change in one place may not be reflected in the other duplicated parts.",No,Duplicate Code,Duplication,No,,,,outside the catalog: not a PHP study,
102,S21,saranya_2023,Lazy Class,"A class with little or no purpose, which increases the complexity of the code without adding real functionality, hindering maintenance.",No,Lazy Class,Unused code,No,,,,outside the catalog: not a PHP study,
103,S21,saranya_2023,Feature Envy,"A method that uses more functionality of another class than of its own class, violating the encapsulation principle and increasing the dependency between classes.",No,Feature Envy,Inheritance and coupling,No,,,,outside the catalog: not a PHP study,
104,S21,saranya_2023,Inappropriate Intimacy,"Occurs when two classes have a very close relationship, excessively using each other's methods and data, which compromises encapsulation and hinders maintenance.",No,Inappropriate Intimacy,Inheritance and coupling,No,,,,outside the catalog: not a PHP study,
105,S21,saranya_2023,Blob (Large Class),"A code smell that occurs when a class or method is very large and complex, making the code hard to understand, maintain and test.",No,God Class / Blob,Responsibilities and design,No,,,,outside the catalog: not a PHP study,
106,S21,saranya_2023,Spaghetti Code,"Disorganized code, without a clear structure, which makes it hard to follow and maintain. Often the result of a lack of abstraction and planning.",No,Spaghetti Code,Complexity,No,,,,outside the catalog: not a PHP study,
107,S21,saranya_2023,Functional Decomposition,"An approach in which the code is organized functionally, which can result in a rigid structure that is hard to modify.",No,Functional Decomposition,Responsibilities and design,No,,,,outside the catalog: not a PHP study,
108,S21,saranya_2023,Dead Code,"Code that is no longer used or executed, hindering maintenance and reducing performance. ""Dead code"" is usually the result of refactoring or removing features without cleaning up the code.",No,Dead Code / unnecessary code,Unused code,No,,,,outside the catalog: not a PHP study,
109,S21,saranya_2023,Temporary Fields,"Fields that are used only temporarily within a class and then discarded. This increases complexity and the risk of errors, besides hindering maintenance.",No,Temporary Field,Responsibilities and design,No,,,,outside the catalog: not a PHP study,
110,S21,saranya_2023,Long Parameter List,"When a method or function has many parameters, making the code harder to understand, modify and test.",No,Excessive Parameter List,Size,No,,,,outside the catalog: not a PHP study,
111,S21,saranya_2023,Parallel Decomposition,"When inheritance and methods are organized in a way that creates unnecessary dependencies, resulting in code that is harder to maintain.",No,Parallel Decomposition,Responsibilities and design,No,,,,outside the catalog: not a PHP study,
112,excluded,raab_2012,Duplicated Code,"A code smell that occurs when code blocks are repeated in different parts of the program, making the code harder to maintain. The study mentions that most students could not recognize this smell.",No,Duplicate Code,Duplication,No,,,,"outside the catalog: study excluded from the selection (EC5, poster) on 2026-09-24",
113,excluded,raab_2012,Comments,"This code smell occurs when there are excessive or unnecessary comments in the code, which may indicate that the code is not clear enough by itself. Only a few students were able to identify this smell in the experiment mentioned in the paper.",No,Comments (excessive comments),Documentation,No,,,,"outside the catalog: study excluded from the selection (EC5, poster) on 2026-09-24",
114,excluded,raab_2012,Data Clumps,"Refers to groups of variables that frequently appear together. If variables are usually passed together to several functions or classes, this may be a sign that they should be encapsulated in a class or structure.",No,Data Clumps,Responsibilities and design,No,,,,"outside the catalog: study excluded from the selection (EC5, poster) on 2026-09-24",
115,excluded,raab_2012,Primitive Obsession,This code smell arises when primitive types are used excessively instead of high-level objects. This can result in less expressive code that is harder to maintain.,No,Primitive Obsession,Responsibilities and design,No,,,,"outside the catalog: study excluded from the selection (EC5, poster) on 2026-09-24",
116,S03,yamashita_counsell_2013,Data Class,"Classes that contain only fields and getter and setter methods, without implementing specific functionality.",No,Data Class,Responsibilities and design,No,,,,outside the catalog: not a PHP study,
117,S03,yamashita_counsell_2013,Data Clumps,"Sets of data that are frequently found together, either within classes or across classes.",No,Data Clumps,Responsibilities and design,No,,,,outside the catalog: not a PHP study,
118,S03,yamashita_counsell_2013,Duplicated Code in Conditional Branches,Code with identical or similar structure repeated in the branches of a conditional statement.,No,Duplicated Code in Conditional Branches,Duplication,No,,,,outside the catalog: not a PHP study,
119,S03,yamashita_counsell_2013,Feature Envy,"A method that seems more interested in another class than in the class where it is, suggesting that it should perhaps be moved to the class that owns the data it uses.",No,Feature Envy,Inheritance and coupling,No,,,,outside the catalog: not a PHP study,
120,S03,yamashita_counsell_2013,God (Large) Class,"A class that takes on many responsibilities relative to the other classes, centralizing functionality in a single class, which goes against the principles of design decomposition.",No,God Class / Blob,Responsibilities and design,No,,,,outside the catalog: not a PHP study,
121,S03,yamashita_counsell_2013,God (Long) Method,"A very long method that centralizes the functionality of a class in a single method, hindering readability and maintenance.",No,Excessive Method Length,Size,No,,,,outside the catalog: not a PHP study,
122,S03,yamashita_counsell_2013,Misplaced Class,"In ""main packages"" (God Packages), a class that depends more on classes from other packages than on its own package.",No,Misplaced Class,Responsibilities and design,No,,,,outside the catalog: not a PHP study,
123,S03,yamashita_counsell_2013,Refused Bequest,Subclasses that do not want or need everything they inherit from the parent class.,No,Refused Bequest,Inheritance and coupling,No,,,,outside the catalog: not a PHP study,
124,S03,yamashita_counsell_2013,Shotgun Surgery,A change in one class that results in the need to make several small changes in several other classes.,No,Shotgun Surgery,Inheritance and coupling,No,,,,outside the catalog: not a PHP study,
125,S03,yamashita_counsell_2013,Temporary Variable Used for Several Purposes,"Temporary variables used for different purposes, which can cause confusion and introduce faults.",No,Temporary Variable Used for Several Purposes,Responsibilities and design,No,,,,outside the catalog: not a PHP study,
126,S03,yamashita_counsell_2013,Use Interface Instead of Implementation,"Avoid using concrete implementations, preferring interfaces to reduce coupling.",No,Use Interface Instead of Implementation,Inheritance and coupling,No,,,,outside the catalog: not a PHP study,
127,S03,yamashita_counsell_2013,Interface Segregation Principle Violation,"A class that depends on another should depend on the smallest possible interface, avoiding forcing unnecessary dependencies on methods it does not use, which increases coupling",No,Interface Segregation Principle Violation,Inheritance and coupling,No,,,,outside the catalog: not a PHP study,
128,S11,abidi_2019,Passing Excessive Objects,"Passing whole objects between languages instead of only the necessary parameters can reduce performance. In multi-language systems, the cost of transferring whole objects can be high, especially if it involves several calls to access each field of an object. Refactoring: pass only the necessary parameters instead of the whole object.",No,Passing Excessive Objects,Multi-language,No,,,,outside the catalog: not a PHP study,
129,S11,abidi_2019,Unnecessary Parameters,"Includes unnecessary parameters in calls between languages. This adds complexity and hinders code maintenance, especially when the parameters are not used in the other language. Refactoring: remove the unused parameters to simplify the interface and improve readability.",No,Unnecessary Parameters,Multi-language,No,,,,outside the catalog: not a PHP study,
130,S11,abidi_2019,Unused Native Methods Declaration,Declaration of native methods that have no implementation in the other language. This can happen when features change or are removed. Refactoring: keep only the methods that are actually used in the interactions between the languages.,No,Unused Native Methods Declaration,Multi-language,No,,,,outside the catalog: not a PHP study,
131,S11,abidi_2019,Unused Native Method Implementation,"Implementation of native methods that are never called from the code of the host language. It can happen in large projects with multiple teams, where an overview of the system is lacking. Refactoring: remove unused methods to reduce complexity and improve clarity.",No,Unused Native Method Implementation,Multi-language,No,,,,outside the catalog: not a PHP study,
132,S11,abidi_2019,Not Handling Exceptions Across Languages,"Lack of exception handling in calls between languages, which can cause silent or hard-to-debug failures. Refactoring: check and handle exceptions explicitly after calls to methods of other languages to ensure the robustness of the code.",No,Not Handling Exceptions Across Languages,Multi-language,No,,,,outside the catalog: not a PHP study,
133,S11,abidi_2019,Assuming Safe Multi-language Return Values,"Assuming that the return values of methods in other languages are always safe and valid. This can cause errors if the returned value is null or incorrect. Refactoring: validate return values before using them, especially in calls between different languages.",No,Assuming Safe Multi-language Return Values,Multi-language,No,,,,outside the catalog: not a PHP study,
134,S11,abidi_2019,Not Caching Objects' Elements,"Repeatedly looking up object elements (such as method or field IDs) in calls between languages, which can affect performance because of the cost of these calls. Refactoring: cache the frequently accessed elements to reduce execution time.",No,Not Caching Objects' Elements,Multi-language,No,,,,outside the catalog: not a PHP study,
135,S11,abidi_2019,Not Securing Libraries,"Loading native libraries without proper security checks, allowing malicious code to access libraries without authorization. Refactoring: load libraries in secure code blocks, using permissions or security checks.",No,Not Securing Libraries,Multi-language,No,,,,outside the catalog: not a PHP study,
136,S11,abidi_2019,Hard Coding Libraries,"Loading libraries in a way hard-wired to specific operating systems, making the code less portable and harder to maintain. Refactoring: use an approach that distinguishes libraries for different operating systems in a clear and adaptable way.",No,Hard Coding Libraries,Multi-language,No,,,,outside the catalog: not a PHP study,
137,S11,abidi_2019,Not Using Relative Path to Load the Library,"Loading libraries without specifying a relative path, which reduces portability and hinders code reuse. Refactoring: use relative paths to ensure that the libraries can be loaded correctly regardless of the location of the system.",No,Not Using Relative Path to Load the Library,Multi-language,No,,,,outside the catalog: not a PHP study,
138,S11,abidi_2019,Memory Management Mismatch,"Lack of care when managing memory references between languages with different memory management paradigms, which can result in memory leaks. Refactoring: explicitly manage memory allocation and release in languages where this is not done automatically.",No,Memory Management Mismatch,Multi-language,No,,,,outside the catalog: not a PHP study,
139,S11,abidi_2019,Local References Abuse,"Improper use of local references, which may not be released automatically, leading to memory leaks. Refactoring: release local references manually after use, especially when using JNI, to avoid the unnecessary accumulation of objects.",No,Local References Abuse,Multi-language,No,,,,outside the catalog: not a PHP study,
140,S01,nguyen_2012,JS in HTML,"occurs when JavaScript code fragments are embedded in the HTML, mixing control logic (JS) with presentation content (HTML). This kind of code can appear as: embedded JavaScript: JS code directly inside a <script> tag. JavaScript in HTML links: JS embedded in the href attributes of links, such as <a href='javascript:history.back()'>. JavaScript in HTML events: JS embedded in event attributes, such as onclick.",No,Embedded/Inline JavaScript,PHP/web,Yes,5,Embedded/Inline JavaScript,W,ok (2026-09-24),Nguyen 2012 now counts as a PHP study (decision of 2026-09-24).
141,S01,nguyen_2012,CSS in JS,"occurs when style properties (CSS) are defined directly in the JavaScript code. Ideally, style (CSS) should be separated from control logic (JS) in different files.",No,CSS in JavaScript,PHP/web,Yes,7,CSS in JavaScript,W,ok (2026-09-24),Nguyen 2012 now counts as a PHP study (decision of 2026-09-24).
142,S01,nguyen_2012,CSS in HTML,"occurs when styles are defined directly inside the HTML, in the style attributes of HTML tags, instead of being separated into style sheets (CSS). This mixes presentation content (HTML) with style (CSS).",No,Embedded/Inline CSS,PHP/web,Yes,6,Embedded/Inline CSS,W,ok (2026-09-24),Nguyen 2012 now counts as a PHP study (decision of 2026-09-24).
143,S01,nguyen_2012,Fontes dispersas,"occurs when related portions of code are spread across different functions in the server-side code. This hinders maintenance because, for example, an opening and a closing HTML tag may be generated by different functions, making the code harder to validate and modify.",No,Scattered Sources,PHP/web,Yes,8,Scattered Sources,W,ok (2026-09-24),Nguyen 2012 now counts as a PHP study (decision of 2026-09-24).
144,S01,nguyen_2012,Duplicate JS,occurs when duplicated fragments of JavaScript code appear embedded in the server-side code. This kind of duplication reduces modularity and hinders maintenance.,No,Duplicate JS,PHP/web,Yes,9,Duplicate JS,W,ok (2026-09-24),Nguyen 2012 now counts as a PHP study (decision of 2026-09-24).
145,S01,nguyen_2012,HTML Syntax Error,"occurs when the generated HTML does not conform to the language specification (e.g., missing closing tags). These errors make the code harder to maintain and fix.",No,HTML Syntax Error,PHP/web,Yes,10,HTML Syntax Error,W,ok (2026-09-24),Nguyen 2012 now counts as a PHP study (decision of 2026-09-24).
146,S12,mello_2019,God Class,"Refers to a class that centralizes many responsibilities, which indicates lack of cohesion. This kind of smell can make the code hard to maintain and increase coupling between classes.",No,God Class / Blob,Responsibilities and design,No,,,,outside the catalog: not a PHP study,
147,S12,mello_2019,Switch Statement,"Corresponds to the excessive use of conditional decision structures (switch or if-else), indicating a potential lack of use of polymorphism. It can hinder understanding and maintenance of the code.",No,Switch Statement / Type Checking,Complexity,No,,,,outside the catalog: not a PHP study,
148,S12,mello_2019,Long Method,"A method that is too long, usually containing multiple responsibilities. This kind of smell compromises code readability and hinders reuse.",No,Excessive Method Length,Size,No,,,,outside the catalog: not a PHP study,
149,S12,mello_2019,Feature Envy,"Occurs when a method in a class excessively accesses the data of another class. This indicates that the method may be better placed in another class, reducing coupling.",No,Feature Envy,Inheritance and coupling,No,,,,outside the catalog: not a PHP study,
150,S12,mello_2019,Duplicated Code,"Refers to code blocks copied to several places, which increases maintenance effort and the possibility of errors, since any changes must be replicated in all the places where the code was duplicated",No,Duplicate Code,Duplication,No,,,,outside the catalog: not a PHP study,
151,S05,arcelli_fontana_2015,God Class,"A class that does a lot of work on its own, delegating only minor details to other trivial classes and using data from other classes. This negatively affects the reuse and understanding of that part of the system.",No,God Class / Blob,Responsibilities and design,No,,,,outside the catalog: not a PHP study,
152,S05,arcelli_fontana_2015,Brain Method,"A method that tends to centralize the functionality of a class, just as a God Class can centralize the functionality of a subsystem or of the whole system.",No,Brain Method,Responsibilities and design,No,,,,outside the catalog: not a PHP study,
153,S05,arcelli_fontana_2015,Brain Class,"A class that accumulates an excessive amount of logic and functionality, usually in methods affected by Brain Method.",No,Brain Class,Responsibilities and design,No,,,,outside the catalog: not a PHP study,
154,S05,arcelli_fontana_2015,Data Clumps,"Sets of data that are frequently together and, ideally, should be encapsulated in their own object.",No,Data Clumps,Responsibilities and design,No,,,,outside the catalog: not a PHP study,
155,S05,arcelli_fontana_2015,Feature Envy,"When a method makes many calls to other classes to obtain data or functionality, showing ""envy"" of the data of another class.",No,Feature Envy,Inheritance and coupling,No,,,,outside the catalog: not a PHP study,
156,S05,arcelli_fontana_2015,Intensive Coupling,"Occurs when a method is strongly coupled to many other operations in the system, which are concentrated in one or a few classes.",No,Intensive Coupling,Inheritance and coupling,No,,,,outside the catalog: not a PHP study,
157,S05,arcelli_fontana_2015,Long Method,"A method that is long in terms of lines of code, which can hinder understanding and maintenance of the code. Short methods make it easier to extend and maintain the system.",No,Excessive Method Length,Size,No,,,,outside the catalog: not a PHP study,
158,S05,arcelli_fontana_2015,Shotgun Surgery,"A situation in which, to make a small change to a feature, several different places in the code must be modified.",No,Shotgun Surgery,Inheritance and coupling,No,,,,outside the catalog: not a PHP study,
159,S05,arcelli_fontana_2015,Type Checking,"Complex conditional code that selects a variant of an algorithm based on the value of an attribute, which can usually be simplified with polymorphism.",No,Switch Statement / Type Checking,Complexity,No,,,,outside the catalog: not a PHP study,
160,S13,bessghaier_diffusion_2020,Excessive Number of Children (ENOC),"A class with many descendants indicates an unbalanced class hierarchy, which can hinder code maintenance.",Yes,Number of Children,Inheritance and coupling,Yes,23,Number of Children,G,ok (2026-09-24),
161,S13,bessghaier_diffusion_2020,Excessive Depth of Inheritance (EDOI),"A class with a deep inheritance tree can make the code hard to maintain, since it increases coupling between classes.",Yes,Depth of Inheritance,Inheritance and coupling,Yes,22,Depth of Inheritance,G,ok (2026-09-24),
162,S13,bessghaier_diffusion_2020,High Coupling (HC),"A class with many dependencies hinders the maintenance and evolution of the system, since any change can have a large ripple effect.",Yes,Coupling Between Objects,Inheritance and coupling,Yes,21,Coupling Between Objects,G,ok (2026-09-24),
163,S13,bessghaier_diffusion_2020,Empty Catch Block (ECB),"An empty catch block makes it harder to identify and resolve failures at runtime, since there is no proper error handling.",Yes,Empty Catch Block,Exceptions,Yes,29,Empty Catch Block,G,ok (2026-09-24),
164,S13,bessghaier_diffusion_2020,Goto Statement (GTS),"The use of goto statements makes the code logic harder to understand, compromising readability and structure.",Yes,Goto Statement,PHP/web,Yes,2,Goto Statement,G,ok (2026-09-24),
165,S13,bessghaier_diffusion_2020,High Method Complexity (HMC),"Represents the cyclomatic complexity of a method, that is, the number of decision points (if, for, while, etc.). The higher the complexity, the more test cases are needed to check all possible executions.",Yes,Cyclomatic Complexity,Complexity,Yes,18,Cyclomatic Complexity,G,ok (2026-09-24),
166,S13,bessghaier_diffusion_2020,High NPath Complexity (HNPC),Refers to the number of possible execution paths in code with many nested conditionals (if/else). This reduces readability and makes testing harder.,Yes,NPath Complexity,Complexity,Yes,19,NPath Complexity,G,ok (2026-09-24),
167,S13,bessghaier_diffusion_2020,Excessive Method Length (EML),"When a method exceeds 100 lines of code, it becomes long and probably processes data in a complex way, hindering its understanding and maintenance.",Yes,Excessive Method Length,Size,Yes,12,Excessive Method Length,G,ok (2026-09-24),
168,S13,bessghaier_diffusion_2020,Excessive Class Length (ECL),"Large classes are a challenge for maintenance and efficiency, since their size usually implies an excessive responsibility that should be split.",Yes,Excessive Class Length,Size,Yes,11,Excessive Class Length,G,ok (2026-09-24),
169,S13,bessghaier_diffusion_2020,Excessive Parameter List (EPL),"A method with many parameters may indicate that it is performing many tasks, which makes it harder to understand and test.",Yes,Excessive Parameter List,Size,Yes,13,Excessive Parameter List,G,ok (2026-09-24),
170,S13,bessghaier_diffusion_2020,Too Many Public Methods (TMPM),"A high number of public methods indicates that the class does not preserve encapsulation, which increases the effort to maintain the internal behavior of the class without breaking dependencies.",Yes,Too Many Public Methods,Size,Yes,15,Too Many Public Methods,G,ok (2026-09-24),
171,S13,bessghaier_diffusion_2020,Too Many Methods (TMM),"A symptom that the class contains methods that are probably not its responsibility, which reduces cohesion and hinders maintainability.",Yes,Too Many Methods,Size,Yes,14,Too Many Methods,G,ok (2026-09-24),
172,S18,rubert_farias_2022,Duplicate codes,"Code segments that are repeated, which increases maintenance effort and the possibility of inconsistencies.",Yes,Duplicate Code,Duplication,Yes,24,Duplicate Code,G,ok (2026-09-24),
173,S18,rubert_farias_2022,Code complexity,"The number of paths and branches in the code, which hinder understanding and maintenance.",Yes,Cyclomatic Complexity,Complexity,Yes,18,Cyclomatic Complexity,G,ok (2026-09-24),
174,S20,rio_abreu_2023,Cyclomatic Complexity,"Excessive complexity in a method, computed as the number of decision points plus one. Threshold: 10.",Yes,Cyclomatic Complexity,Complexity,Yes,18,Cyclomatic Complexity,G,ok (2026-09-24),
175,S20,rio_abreu_2023,NPath Complexity,Excessive number of acyclic execution paths in a method. Threshold: 200.,Yes,NPath Complexity,Complexity,Yes,19,NPath Complexity,G,ok (2026-09-24),
176,S20,rio_abreu_2023,Excessive Method Length,"A method that performs many operations, becoming long and hard to understand. Threshold: 100 lines.",Yes,Excessive Method Length,Size,Yes,12,Excessive Method Length,G,ok (2026-09-24),
177,S20,rio_abreu_2023,Excessive Class Length (Classe Excessivamente Longa),"A class that contains too much code, indicating excessive responsibility. Threshold: 1000 lines.",Yes,Excessive Class Length,Size,Yes,11,Excessive Class Length,G,ok (2026-09-24),
178,S20,rio_abreu_2023,Excessive Parameter List,"A method that accepts an excessive number of parameters, hindering understanding and maintenance. Threshold: 10 parameters.",Yes,Excessive Parameter List,Size,Yes,13,Excessive Parameter List,G,ok (2026-09-24),
179,S20,rio_abreu_2023,Excessive Public Count,"A class with many public methods or attributes, suggesting excessive coupling. Threshold: 45 methods/attributes.",Yes,Excessive Public Count,Size,Yes,17,Excessive Public Count,G,ok (2026-09-24),
180,S20,rio_abreu_2023,Too Many Fields (Muitos Campos),"A class with an excessive number of fields, indicating possible multiple responsibilities. Threshold: 15 fields.",Yes,Too Many Fields,Size,Yes,16,Too Many Fields,G,ok (2026-09-24),
181,S20,rio_abreu_2023,Too Many Methods,"A class with many methods, suggesting an overload of functionality. Threshold: 25 methods.",Yes,Too Many Methods,Size,Yes,14,Too Many Methods,G,ok (2026-09-24),
182,S20,rio_abreu_2023,Too Many Public Methods,"A class with many public methods, which may indicate excessive exposure of functionality. Threshold: 10 methods.",Yes,Too Many Public Methods,Size,Yes,15,Too Many Public Methods,G,ok (2026-09-24),
183,S20,rio_abreu_2023,Excessive Class Complexity,Excessive total complexity of all methods in a class. Threshold: 50.,Yes,Excessive Class Complexity,Complexity,Yes,20,Excessive Class Complexity,G,ok (2026-09-24),
184,S20,rio_abreu_2023,Number of Children,"A class with an excessive number of subclasses, which can make the code hard to manage. Threshold: 15 subclasses.",Yes,Number of Children,Inheritance and coupling,Yes,23,Number of Children,G,ok (2026-09-24),
185,S20,rio_abreu_2023,Depth of Inheritance,"Excessive depth of the inheritance hierarchy, hindering code traceability. Threshold: 6 levels.",Yes,Depth of Inheritance,Inheritance and coupling,Yes,22,Depth of Inheritance,G,ok (2026-09-24),
186,S20,rio_abreu_2023,Coupling Between Objects (Acoplamento Entre Objetos),"A class with many dependencies, indicating high coupling and reducing modularity. Threshold: 13 dependencies.",Yes,Coupling Between Objects,Inheritance and coupling,Yes,21,Coupling Between Objects,G,ok (2026-09-24),
187,S20,rio_abreu_2023,Development Code Fragment,"A code fragment that should be used only during development, such as var_dump() or print_r(). Threshold: 1 occurrence.",Yes,Development Code Fragment,PHP/web,Yes,1,Development Code Fragment,P,ok (2026-09-24),
188,S20,rio_abreu_2023,Unused Private Field,"A private field that is not used anywhere, indicating dead code. Threshold: 1 occurrence.",Yes,Unused Private Field,Unused code,Yes,25,Unused Private Field,G,ok (2026-09-24),
189,S20,rio_abreu_2023,Unused Local Variable,A local variable that is declared but never used. Threshold: 1 occurrence.,Yes,Unused Local Variable,Unused code,Yes,27,Unused Local Variable,G,ok (2026-09-24),
190,S20,rio_abreu_2023,Unused Private Method,"A private method that is not invoked anywhere, indicating dead code. Threshold: 1 occurrence.",Yes,Unused Private Method,Unused code,Yes,26,Unused Private Method,G,ok (2026-09-24),
191,S20,rio_abreu_2023,Unused Formal Parameter,A method parameter that is never used inside the method. Threshold: 1 occurrence.,Yes,Unused Formal Parameter,Unused code,Yes,28,Unused Formal Parameter,G,ok (2026-09-24),
192,S09,soltanifar_2016,Incrementadores confusos,Use of incrementers in a way that hinders understanding.,Yes,Incrementadores confusos,Complexity,No,,,,"outside the catalog: code smell from Soltanifar's Project 1 (Java, PMD), confirmed in the original paper, Sections 3.1 and 3.3 (2026-09-24)","The extraction spreadsheet marked it as PHP-specific, but the paper shows it comes from the PMD analysis of the Java project."
193,S09,soltanifar_2016,Confusing use of for loops,Use of loops in an unclear way.,Yes,Confusing use of for loops,Complexity,No,,,,"outside the catalog: code smell from Soltanifar's Project 1 (Java, PMD), confirmed in the original paper, Sections 3.1 and 3.3 (2026-09-24)","The extraction spreadsheet marked it as PHP-specific, but the paper shows it comes from the PMD analysis of the Java project."
194,S09,soltanifar_2016,Unnecessary code,"Presence of redundant or unused code, such as unnecessary returns and useless parentheses.",Yes,Dead Code / unnecessary code,Unused code,No,,,,"outside the catalog: code smell from Soltanifar's Project 1 (Java, PMD), confirmed in the original paper, Sections 3.1 and 3.3 (2026-09-24)","The extraction spreadsheet marked it as PHP-specific, but the paper shows it comes from the PMD analysis of the Java project."
195,S09,soltanifar_2016,Strict Exceptions,Improper way of throwing and catching exceptions.,Yes,Strict Exceptions,Exceptions,No,,,,"outside the catalog: code smell from Soltanifar's Project 1 (Java, PMD), confirmed in the original paper, Sections 3.1 and 3.3 (2026-09-24)","The extraction spreadsheet marked it as PHP-specific, but the paper shows it comes from the PMD analysis of the Java project."
196,S09,soltanifar_2016,String and String Buffer,Problems related to the incorrect use of strings and buffers.,Yes,String and String Buffer,Other,No,,,,"outside the catalog: code smell from Soltanifar's Project 1 (Java, PMD), confirmed in the original paper, Sections 3.1 and 3.3 (2026-09-24)","The extraction spreadsheet marked it as PHP-specific, but the paper shows it comes from the PMD analysis of the Java project."
197,S09,soltanifar_2016,Nomes mal definidos,Variable names and identifiers that do not follow good practices.,Yes,Nomes mal definidos,Style,No,,,,"outside the catalog: code smell from Soltanifar's Project 1 (Java, PMD), confirmed in the original paper, Sections 3.1 and 3.3 (2026-09-24)","The extraction spreadsheet marked it as PHP-specific, but the paper shows it comes from the PMD analysis of the Java project."
198,S09,soltanifar_2016,Braces rules,Misplaced braces in code blocks.,Yes,Braces rules,Style,No,,,,"outside the catalog: code smell from Soltanifar's Project 1 (Java, PMD), confirmed in the original paper, Sections 3.1 and 3.3 (2026-09-24)","The extraction spreadsheet marked it as PHP-specific, but the paper shows it comes from the PMD analysis of the Java project."
199,S09,soltanifar_2016,Classes sobrecarregadas,Classes that have an excessive amount of code.,Yes,Excessive Class Length,Size,No,,,,"outside the catalog: code smell from Soltanifar's Project 1 (Java, PMD), confirmed in the original paper, Sections 3.1 and 3.3 (2026-09-24)","The extraction spreadsheet marked it as PHP-specific, but the paper shows it comes from the PMD analysis of the Java project."
200,S09,soltanifar_2016,Duplicated code,Parts of the code that are copied to different places.,Yes,Duplicate Code,Duplication,No,,,,"outside the catalog: code smell from Soltanifar's Project 1 (Java, PMD), confirmed in the original paper, Sections 3.1 and 3.3 (2026-09-24)","The extraction spreadsheet marked it as PHP-specific, but the paper shows it comes from the PMD analysis of the Java project."
201,S09,soltanifar_2016,Blocos vazios,Presence of code blocks that contain no statements.,Yes,Blocos vazios,Exceptions,No,,,,"outside the catalog: code smell from Soltanifar's Project 1 (Java, PMD), confirmed in the original paper, Sections 3.1 and 3.3 (2026-09-24)","The extraction spreadsheet marked it as PHP-specific, but the paper shows it comes from the PMD analysis of the Java project."
202,S09,soltanifar_2016,Clone Implementation,Improper use of the clone method.,Yes,Clone Implementation (use of the clone method),Other,No,,,,"outside the catalog: code smell from Soltanifar's Project 1 (Java, PMD), confirmed in the original paper, Sections 3.1 and 3.3 (2026-09-24)","The extraction spreadsheet marked it as PHP-specific, but the paper shows it comes from the PMD analysis of the Java project."
203,S09,soltanifar_2016,Optimization,Problems that affect the performance of the code.,Yes,Optimization,Other,No,,,,"outside the catalog: code smell from Soltanifar's Project 1 (Java, PMD), confirmed in the original paper, Sections 3.1 and 3.3 (2026-09-24)","The extraction spreadsheet marked it as PHP-specific, but the paper shows it comes from the PMD analysis of the Java project."
204,S09,soltanifar_2016,Security Code Guidelines,Violations of good practices related to security.,Yes,Security Code Guidelines,Other,No,,,,"outside the catalog: code smell from Soltanifar's Project 1 (Java, PMD), confirmed in the original paper, Sections 3.1 and 3.3 (2026-09-24)","The extraction spreadsheet marked it as PHP-specific, but the paper shows it comes from the PMD analysis of the Java project."
205,S09,soltanifar_2016,Missing semicolon,A JavaScript problem in which semicolons are missing.,Yes,Missing semicolon (JavaScript),Style,No,,,,remove: JavaScript problem,The spreadsheet itself describes it as a JavaScript problem.
206,S09,soltanifar_2016,Tag cannot be grouped with parameter tags,"Documentation tags grouped together with the @param tags, without the separation required by the coding standard (PHPCS message: ""Tag cannot be grouped with parameter tags""). It is the most frequent code smell in the study's PHP project.",Yes,Poorly Grouped Parameter Tags,Documentation,Yes,32,Poorly Grouped Parameter Tags,P,ok (2026-09-24),"Description rewritten from the original paper, Section 3.3 (2026-09-24)."
207,S09,soltanifar_2016,Missing function doc comment,Functions without documentation comments.,Yes,Missing Function Comments,Documentation,Yes,30,Missing Function Comments,P,ok (2026-09-24),
208,S09,soltanifar_2016,Missing @return tag in function comment,Missing description of the return value in function comments.,Yes,Missing @Return Tag in Comments,Documentation,Yes,31,Missing @Return Tag in Comments,P,ok (2026-09-24),
209,S09,soltanifar_2016,No space found after comma in function call,A code style problem in which there is no space after commas.,Yes,Incorrect Spacing After Commas,Style,Yes,36,Incorrect Spacing After Commas,P,ok (2026-09-24),
210,S09,soltanifar_2016,Opening/closing parenthesis of a multi-line function,Improper use of parentheses in multi-line functions.,Yes,Functions Parentheses on Multiple Lines,Style,Yes,37,Functions Parentheses on Multiple Lines,P,ok (2026-09-24),
211,S09,soltanifar_2016,"You must use ""/**"" style comments for a file",Requirement to use a specific comment style.,Yes,Comment Style (/**),Documentation,Yes,33,Comment Style (/**),P,ok (2026-09-24),
,S09,soltanifar_2016,Missing parameter name,@param tag without the parameter name in the documentation comment.,Yes,Missing Parameter Name,Documentation,Yes,34,Missing Parameter Name,P,"ok (2026-09-24): added from the original paper, Section 3.3 (Project 2 list, PHPCS); not in the extraction spreadsheet",
,S09,soltanifar_2016,There must be exactly one blank line before,Incorrect number of blank lines before the tags in the documentation comment.,Yes,Blank Line Before Tags,Style,Yes,38,Blank Line Before Tags,P,"ok (2026-09-24): added from the original paper, Section 3.3 (Project 2 list, PHPCS); not in the extraction spreadsheet",
,S09,soltanifar_2016,Opening brace should be on a new line,Opening brace outside the line required by the coding standard.,Yes,Brace Placement Rules,Style,Yes,35,Brace Placement Rules,P,"ok (2026-09-24): added from the original paper, Section 3.3 (Project 2 list, PHPCS); not in the extraction spreadsheet",
212,S04,yamashita_moonen_2013,Data Class,"Classes that contain only fields and access methods (getters and setters), without implementing specific functionality.",No,Data Class,Responsibilities and design,No,,,,outside the catalog: not a PHP study,
213,S04,yamashita_moonen_2013,Data Clumps,"Sets of data that always appear together, within a class or across classes.",No,Data Clumps,Responsibilities and design,No,,,,outside the catalog: not a PHP study,
214,S04,yamashita_moonen_2013,Duplicated Code in Conditional Branches,Code with similar or identical structure in different branches of a condition.,No,Duplicated Code in Conditional Branches,Duplication,No,,,,outside the catalog: not a PHP study,
215,S04,yamashita_moonen_2013,Feature Envy,A method that shows more interest in the data of another class than in that of the class where it is. It is advisable to move this method to the class that contains most of the data it uses.,No,Feature Envy,Inheritance and coupling,No,,,,outside the catalog: not a PHP study,
216,S04,yamashita_moonen_2013,God (Large) Class,A class that centralizes many responsibilities relative to the classes to which it is coupled. It violates the decomposition principle and hinders maintenance.,No,God Class / Blob,Responsibilities and design,No,,,,outside the catalog: not a PHP study,
217,S04,yamashita_moonen_2013,God (Long) Method,"A method that is very long compared with the other methods of the same class, centralizing much of the functionality of the class.",No,Excessive Method Length,Size,No,,,,outside the catalog: not a PHP study,
218,S04,yamashita_moonen_2013,Misplaced Class,"Classes that, in ""God"" packages, need other classes from different packages more than classes from their own package.",No,Misplaced Class,Responsibilities and design,No,,,,outside the catalog: not a PHP study,
219,S04,yamashita_moonen_2013,Refused Bequest,Subclasses that do not want or need everything they inherited from the parent class.,No,Refused Bequest,Inheritance and coupling,No,,,,outside the catalog: not a PHP study,
220,S04,yamashita_moonen_2013,Shotgun Surgery,A change in one class that requires several small changes in several other classes.,No,Shotgun Surgery,Inheritance and coupling,No,,,,outside the catalog: not a PHP study,
221,S04,yamashita_moonen_2013,Temporary Variable for Various Purposes,"Temporary variables that are used in different contexts, which can lead to confusion and the introduction of errors.",No,Temporary Variable Used for Several Purposes,Responsibilities and design,No,,,,outside the catalog: not a PHP study,
222,S04,yamashita_moonen_2013,Use Interface Instead of Implementation,"Ideally, casting classes to specific implementations should be avoided, defining and implementing an interface instead.",No,Use Interface Instead of Implementation,Inheritance and coupling,No,,,,outside the catalog: not a PHP study,
223,S04,yamashita_moonen_2013,Interface Segregation Principle (ISP) Violation,"The dependency of one class on another should be on the smallest possible interface. Clients should not be forced to depend on methods they do not use, since this creates coupling.",No,Interface Segregation Principle Violation,Inheritance and coupling,No,,,,outside the catalog: not a PHP study,
224,S02,gauthier_merlo_2013,Implicitly Granted Privileges,"A privilege is granted implicitly along with another: routines protected by one privilege perform operations that would require another, without checking it (e.g., in Moodle, routines protected by lesson:edit also perform lesson:manage operations).",Yes,Implicitly Granted Privileges,PHP/web,Yes,3,Implicitly Granted Privileges,W,ok (2026-09-24),"Description rewritten from the original paper, Section V (2026-09-24)."
225,S02,gauthier_merlo_2013,Semantically Related Privileges,"Privileges with the same semantics duplicated for each component (e.g., 82 view privileges in Moodle), which couples privileges to components and makes the number of privileges grow with the system.",Yes,Semantically Related Privileges,PHP/web,Yes,4,Semantically Related Privileges,W,ok (2026-09-24),"Description rewritten from the original paper, Section V (2026-09-24)."
