id,status,key,title,year,venue_type,venue,pages,doi,publication_type,study_type,qualis,relevance_to_slr,php_focus,languages_analyzed,detection_tools_used,tools_cited,n_code_smell_records,rqs_contributed_to
S01,included,nguyen_2012,Detection of embedded code smells in dynamic web applications,2012,Conference,2012 Proceedings of the 27th IEEE/ACM International Conference on Automated Software Engineering (ASE),282-285,10.1145/2351676.2351724,"Short conference paper (ASE 2012, 4 pp.; author version, track not stated in the PDF)",Experiment,A1,4 - Relevant,Yes,PHP; HTML; JavaScript; CSS,WebScent (authors' prototype),WebScent,6,RQ1; RQ3
S02,included,gauthier_merlo_2013,Semantic Smells and Errors in Access Control Models: A Case Study in PHP,2013,Conference,2013 35th International Conference on Software Engineering (ICSE),1169-1172,10.1109/ICSE.2013.6606670,"Short paper, New Ideas and Emerging Results track (ICSE 2013, 4 pp.)",Case study and experiment,A1,5 - Very relevant,Yes,PHP,"— (own approach: static analysis, LDA and logistic regression)",,2,RQ1; RQ3
S03,included,yamashita_counsell_2013,Code smells as system-level indicators of maintainability: An empirical study,2013,Journal,Journal of Systems and Software,2639-2653,10.1016/j.jss.2013.05.007,Full journal article (Journal of Systems and Software),Case study and experiment,A2,3 - Moderately relevant,No,Java,Borland Together; InCode,Borland Together and InCode,12,
S04,included,yamashita_moonen_2013,To what extent can maintenance problems be predicted by code smell detection? – An empirical study,2013,Journal,Information and Software Technology,2223-2242,10.1016/j.infsof.2013.08.002,Full journal article (Information and Software Technology),Case study,A2,3 - Moderately relevant,No,Java,Borland Together; InCode,Borland Together; InCode; Jdeodorant; iSPARQL,12,RQ4
S05,included,arcelli_fontana_2015,On Experimenting Refactoring Tools to Remove Code Smells,2015,Workshop,Scientific Workshop Proceedings of the XP2015 (XP '15 workshops),8 p.,10.1145/2764979.2764986,Workshop paper (XP 2015 Workshops),Experiment,?,3 - Moderately relevant,No,Java,iPlasma; InCode; JDeodorant,iPlasma; Jdeodorant; InCode; Eclipse; IntelliJ IDEA; Jdeodorant; RefactorIT,9,RQ4
S06,included,wagey_2015,A Proposal of Software Maintainability Model using Code Smell Measurement,2015,Conference,2015 International Conference on Data and Software Engineering (ICoDSE),25-30,10.1109/ICODSE.2015.7436966,"Conference paper (ICoDSE 2015, 6 pp.)",Case study,A3,3 - Moderately relevant,No,Java,SourceMeter (metrics and clones),PINOT (Pattern Inference and Recovery Tool); Sourcemeter,5,
S07,included,khrishe_2016,An Empirical Study on the Effect of the Order of Applying Software Refactoring,2016,Conference,2016 7th International Conference on Computer Science and Information Technology (CSIT),1-4,10.1109/CSIT.2016.7549471,"Conference paper (CSIT 2016, 4 pp.)",Case study,?,3 - Moderately relevant,No,C#,— (code smells chosen manually; metrics with SourceMonitor),,0,RQ2; RQ4
S08,included,palomba_textual_2016,A Textual-based Technique for Smell Detection,2016,Conference,2016 IEEE 24th International Conference on Program Comprehension (ICPC),1-10,10.1109/ICPC.2016.7503704,Full conference paper (ICPC 2016),Case study,A2,3 - Moderately relevant,No,Java,TACO (proposed by the authors); DECOR (reimplemented); JDeodorant,Jdeodorant; TACO,12,
S09,included,soltanifar_2016,Software Analytics in Practice: A Defect Prediction Model Using Code Smells,2016,Conference,Proceedings of the 20th International Database Engineering & Applications Symposium (IDEAS '16),148-155,10.1145/2938503.2938553,Full conference paper (IDEAS 2016),Experiment,A4,5 - Very relevant,Yes,Java; PHP; JavaScript,PMD (Java project); PHP_CodeSniffer and JSHint (PHP/JavaScript project),"PHP Code Sniffer; JSHint (Project 2, PHP/JS); PMD (Project 1, Java)",20,RQ1; RQ3
S10,included,souza_2017,Applying Software Metric Thresholds for Detection of Bad Smells,2017,Conference,"Proceedings of the 11th Brazilian Symposium on Software Components, Architectures, and Reuse (SBCARS '17)",10 p.,10.1145/3132498.3134268,Full conference paper (SBCARS 2017),Case study,B1,2 - Slightly relevant,No,Java,FindSmells (by the authors); JSpIRIT; JDeodorant,JSpIRIT,5,
S11,included,abidi_2019,Code Smells for Multi-language Systems,2019,Conference,Proceedings of the 24th European Conference on Pattern Languages of Programs (EuroPLop '19),13 p.,10.1145/3361149.3361161,Pattern conference paper (EuroPLoP 2019),Survey and case study,B2,3 - Moderately relevant,No,Java; C/C++ (JNI),"— (catalog, no detection)",,12,
S12,included,mello_2019,Do Research and Practice of Code Smell Identification Walk Together? A Social Representations Analysis,2019,Conference,2019 ACM/IEEE International Symposium on Empirical Software Engineering and Measurement (ESEM),1-6,10.1109/ESEM.2019.8870141,"Conference paper (ESEM 2019, 6 pp.; track not stated in the PDF)",Survey and case study,A2,3 - Moderately relevant,No,not applicable,— (questionnaire with developers),,5,RQ4
S13,included,bessghaier_diffusion_2020,On the Diffusion and Impact of Code Smells in Web Applications,2020,Conference,Services Computing – SCC 2020,67-84,10.1007/978-3-030-59592-0_5,"Full paper in conference proceedings (SCC 2020, LNCS 12409)",Case study and experiment,A2,5 - Very relevant,Yes,PHP,PHPMD,PHPMD (PHP Mess Detector),12,RQ1; RQ3
S14,included,catolino_2020,A blessing in disguise? Assessing the Relationship between Code Smells and Sustainability,2020,Conference,2020 IEEE International Conference on Software Maintenance and Evolution (ICSME),779-780,10.1109/ICSME46990.2020.00088,"Late-breaking idea paper (ICSME 2020, 2 pp.); kept: it is neither an abstract nor a poster (decision of 2026-09-24)",Case study,A2,3 - Moderately relevant,No,not specified,"— (proposal, no data)",,3,
S15,included,bessghaier_longitudinal_2021,A longitudinal exploratory study on code smells in server side web applications,2021,Journal,Software Quality Journal,901-941,10.1007/s11219-021-09567-w,Full journal article (Software Quality Journal),Case study,A3,5 - Very relevant,Yes,PHP,PHPMD,PHPMD (PHP Mess Detector); PyDriller; SZZ Algorithm; Apriori Algorithm,12,RQ1; RQ2; RQ3
S16,included,tarwani_ao_2021,Application of AO* Algorithm in Recognizing the Optimum Refactoring sequence for examining the effect on Maintainability: An Empirical Study,2021,Conference,"2021 11th International Conference on Cloud Computing, Data Science & Engineering (Confluence)",188-195,10.1109/Confluence51648.2021.9377109,Full conference paper (Confluence 2021),Case study,A2,2 - Slightly relevant,No,Java,— (tool used to identify the smells not stated),Jdeodorant,4,RQ4
S17,included,zhao_2021,A Survey-Based Empirical Evaluation of Bad Smells in LabVIEW Systems Models,2021,Conference,"2021 IEEE International Conference on Software Analysis, Evolution and Reengineering (SANER)",177-188,10.1109/SANER50967.2021.00025,Full conference paper (SANER 2021),Case study,A1,2 - Slightly relevant,No,LabVIEW,— (survey),,7,
S18,included,rubert_farias_2022,On the effects of continuous delivery on code quality: A case study in industry,2022,Journal,Computer Standards & Interfaces,103588,10.1016/j.csi.2021.103588,Full journal article (Computer Standards & Interfaces),Case study,A1,5 - Very relevant,Yes,PHP,SonarQube,SonarQube,2,RQ1; RQ3; RQ4
S19,included,tarwani_deep_2022,Application of Deep Learning models for Code Smell Prediction,2022,Conference,"2022 10th International Conference on Reliability, Infocom Technologies and Optimization (Trends and Future Directions) (ICRITO)",1-5,10.1109/ICRITO56286.2022.9965048,"Conference paper (ICRITO 2022, 5 pp.)",Experiment and modeling,?,3 - Moderately relevant,No,Java,— (smell labeling tool not reported),,11,
S20,included,rio_abreu_2023,"PHP code smells in web apps: Evolution, survival and anomalies",2023,Journal,Journal of Systems and Software,111644,10.1016/j.jss.2023.111644,Full journal article (Journal of Systems and Software),Experiment and modeling,?,5 - Very relevant,Yes,PHP,PHPMD,PHPMD (PHP Mess Detector),18,RQ1; RQ3
S21,included,saranya_2023,Code Smell Detection Using A Weighted Cockroach Swarm Optimization Algorithm,2023,Conference,2023 14th International Conference on Computing Communication and Networking Technologies (ICCCNT),1-8,10.1109/ICCCNT56998.2023.10306683,Full conference paper (ICCCNT 2023),Experiment,?,3 - Moderately relevant,No,Java,WCSO (algorithm proposed by the authors),PMD and CheckStyle,18,
S22,included,zivotin_2023,Bad Smells in IEC 61499-based Control Software: Sniffing out Shotgun Surgery,2023,Conference,2023 IEEE 28th International Conference on Emerging Technologies and Factory Automation (ETFA),1-4,10.1109/ETFA54631.2023.10275499,"Short proposal conference paper (ETFA 2023, 4 pp.; track not stated in the PDF)",Modeling and survey,A2,2 - Slightly relevant,No,IEC 61499,— (proposal paper),JCodeOdor,4,
S23,included,rio_causal_2024,Causal inference of server- and client-side code smells in web apps evolution,2024,Journal,Empirical Software Engineering,133,10.1007/s10664-024-10478-0,Full journal article (Empirical Software Engineering),Case study,?,5 - Very relevant,Yes,PHP; HTML; CSS; JavaScript,PHPMD; ESLint; eextractor (by the authors),PHPMD (PHP Mess Detector); ESLint; eextractor,30,RQ1; RQ2; RQ3
—,"excluded (EC5: poster/demo, VL/HCC Poster and Demos; decision of 2026-09-24)",raab_2012,Code Smell Explorer: Tangible Exploration of Code Smells and Refactorings,2012,Conference,2012 IEEE Symposium on Visual Languages and Human-Centric Computing (VL/HCC),261-262,,"Poster/demo (VL/HCC 2012, Poster and Demos track, 2 pp.): excluded by EC5 (decision of 2026-09-24)",Case study and experiment,A3,2 - Slightly relevant,No,not applicable,"— (educational tool, no automatic detection)",CodeSmellExplorer,4,
